"prov","type","signif_week"
"Ilocos Norte","Pneumonia","2016-26"
"Ilocos Norte","Pneumonia","2016-30"
"Ilocos Norte","Pneumonia","2017-39"
"Ilocos Norte","Pneumonia","2018-03"
"Ilocos Sur","Pneumonia","2016-36"
"Ilocos Sur","Pneumonia","2016-37"
"Ilocos Sur","Pneumonia","2016-38"
"Ilocos Sur","Pneumonia","2016-39"
"Ilocos Sur","Pneumonia","2016-40"
"Ilocos Sur","Pneumonia","2016-41"
"Ilocos Sur","Pneumonia","2016-42"
"Ilocos Sur","Pneumonia","2016-43"
"Ilocos Sur","Pneumonia","2016-44"
"Ilocos Sur","Pneumonia","2016-45"
"Pangasinan","Pneumonia","2016-34"
"Pangasinan","Pneumonia","2016-35"
"Pangasinan","Pneumonia","2016-36"
"Pangasinan","Pneumonia","2016-37"
"Pangasinan","Pneumonia","2016-38"
"Pangasinan","Pneumonia","2016-39"
"Pangasinan","Pneumonia","2016-40"
"Pangasinan","Pneumonia","2016-41"
"Pangasinan","Pneumonia","2016-42"
"Pangasinan","Pneumonia","2016-43"
"Pangasinan","Pneumonia","2016-44"
"Pangasinan","Pneumonia","2016-45"
"Pangasinan","Pneumonia","2016-46"
"Pangasinan","Pneumonia","2016-47"
"Isabela","Pneumonia","2016-37"
"Isabela","Pneumonia","2016-38"
"Isabela","Pneumonia","2016-39"
"Isabela","Pneumonia","2016-40"
"Isabela","Pneumonia","2016-41"
"Isabela","Pneumonia","2016-42"
"Isabela","Pneumonia","2016-43"
"Bataan","Pneumonia","2016-22"
"Bataan","Pneumonia","2016-23"
"Bataan","Pneumonia","2016-24"
"Bataan","Pneumonia","2016-25"
"Bataan","Pneumonia","2016-26"
"Bataan","Pneumonia","2016-27"
"Bataan","Pneumonia","2016-28"
"Bataan","Pneumonia","2016-29"
"Bataan","Pneumonia","2016-30"
"Bataan","Pneumonia","2016-31"
"Bataan","Pneumonia","2016-32"
"Bataan","Pneumonia","2016-33"
"Bataan","Pneumonia","2016-34"
"Bulacan","Pneumonia","2016-36"
"Bulacan","Pneumonia","2016-37"
"Bulacan","Pneumonia","2016-38"
"Bulacan","Pneumonia","2016-39"
"Bulacan","Pneumonia","2016-40"
"Bulacan","Pneumonia","2016-41"
"Bulacan","Pneumonia","2016-42"
"Bulacan","Pneumonia","2016-43"
"Bulacan","Pneumonia","2016-44"
"Bulacan","Pneumonia","2016-45"
"Bulacan","Pneumonia","2016-46"
"Bulacan","Pneumonia","2016-47"
"Bulacan","Pneumonia","2016-48"
"Bulacan","Pneumonia","2016-49"
"Bulacan","Pneumonia","2016-50"
"Bulacan","Pneumonia","2016-51"
"Bulacan","Pneumonia","2017-22"
"Bulacan","Pneumonia","2017-23"
"Bulacan","Pneumonia","2017-24"
"Bulacan","Pneumonia","2018-44"
"Bulacan","Pneumonia","2018-45"
"Bulacan","Pneumonia","2018-46"
"Bulacan","Pneumonia","2018-47"
"Bulacan","Pneumonia","2018-48"
"Bulacan","Pneumonia","2018-49"
"Bulacan","Pneumonia","2018-50"
"Bulacan","Pneumonia","2018-51"
"Bulacan","Pneumonia","2018-52"
"Bulacan","Pneumonia","2019-01"
"Bulacan","Pneumonia","2019-02"
"Bulacan","Pneumonia","2019-03"
"Bulacan","Pneumonia","2019-04"
"Bulacan","Pneumonia","2019-05"
"Bulacan","Pneumonia","2019-06"
"Bulacan","Pneumonia","2019-07"
"Bulacan","Pneumonia","2019-08"
"Bulacan","Pneumonia","2019-09"
"Bulacan","Pneumonia","2019-10"
"Nueva Ecija","Pneumonia","2016-35"
"Nueva Ecija","Pneumonia","2016-36"
"Nueva Ecija","Pneumonia","2016-37"
"Nueva Ecija","Pneumonia","2019-02"
"Nueva Ecija","Pneumonia","2019-03"
"Nueva Ecija","Pneumonia","2019-04"
"Nueva Ecija","Pneumonia","2019-05"
"Nueva Ecija","Pneumonia","2019-06"
"Nueva Ecija","Pneumonia","2019-07"
"Nueva Ecija","Pneumonia","2019-08"
"Nueva Ecija","Pneumonia","2019-09"
"Nueva Ecija","Pneumonia","2019-10"
"Nueva Ecija","Pneumonia","2019-11"
"Nueva Ecija","Pneumonia","2019-12"
"Nueva Ecija","Pneumonia","2019-13"
"Nueva Ecija","Pneumonia","2019-14"
"Nueva Ecija","Pneumonia","2019-15"
"Nueva Ecija","Pneumonia","2019-16"
"Nueva Ecija","Pneumonia","2019-27"
"Nueva Ecija","Pneumonia","2019-28"
"Nueva Ecija","Pneumonia","2019-29"
"Nueva Ecija","Pneumonia","2019-30"
"Nueva Ecija","Pneumonia","2019-31"
"Nueva Ecija","Pneumonia","2019-32"
"Nueva Ecija","Pneumonia","2019-33"
"Nueva Ecija","Pneumonia","2019-34"
"Nueva Ecija","Pneumonia","2019-35"
"Nueva Ecija","Pneumonia","2019-36"
"Nueva Ecija","Pneumonia","2019-37"
"Nueva Ecija","Pneumonia","2019-38"
"Nueva Ecija","Pneumonia","2019-39"
"Tarlac","Pneumonia","2016-34"
"Tarlac","Pneumonia","2016-35"
"Tarlac","Pneumonia","2016-36"
"Tarlac","Pneumonia","2016-37"
"Tarlac","Pneumonia","2016-38"
"Tarlac","Pneumonia","2016-39"
"Tarlac","Pneumonia","2016-40"
"Tarlac","Pneumonia","2016-41"
"Tarlac","Pneumonia","2016-42"
"Tarlac","Pneumonia","2016-43"
"Tarlac","Pneumonia","2016-44"
"Tarlac","Pneumonia","2016-45"
"Tarlac","Pneumonia","2016-46"
"Tarlac","Pneumonia","2016-47"
"Tarlac","Pneumonia","2016-48"
"Tarlac","Pneumonia","2016-49"
"Tarlac","Pneumonia","2016-50"
"Tarlac","Pneumonia","2017-24"
"Tarlac","Pneumonia","2018-32"
"Tarlac","Pneumonia","2018-33"
"Tarlac","Pneumonia","2018-34"
"Tarlac","Pneumonia","2018-35"
"Tarlac","Pneumonia","2018-36"
"Tarlac","Pneumonia","2018-37"
"Tarlac","Pneumonia","2018-38"
"Tarlac","Pneumonia","2018-39"
"Tarlac","Pneumonia","2018-40"
"Tarlac","Pneumonia","2018-41"
"Tarlac","Pneumonia","2018-42"
"Tarlac","Pneumonia","2018-50"
"Tarlac","Pneumonia","2018-51"
"Tarlac","Pneumonia","2018-52"
"Tarlac","Pneumonia","2019-01"
"Tarlac","Pneumonia","2019-02"
"Tarlac","Pneumonia","2019-03"
"Tarlac","Pneumonia","2019-04"
"Tarlac","Pneumonia","2019-05"
"Tarlac","Pneumonia","2019-06"
"Tarlac","Pneumonia","2019-07"
"Tarlac","Pneumonia","2019-08"
"Tarlac","Pneumonia","2019-09"
"Tarlac","Pneumonia","2019-10"
"Tarlac","Pneumonia","2019-11"
"Tarlac","Pneumonia","2019-12"
"Tarlac","Pneumonia","2019-13"
"Tarlac","Pneumonia","2019-14"
"Tarlac","Pneumonia","2019-15"
"Tarlac","Pneumonia","2019-16"
"Tarlac","Pneumonia","2019-17"
"Tarlac","Pneumonia","2019-18"
"Batangas","Pneumonia","2016-27"
"Batangas","Pneumonia","2016-28"
"Batangas","Pneumonia","2016-29"
"Batangas","Pneumonia","2016-30"
"Batangas","Pneumonia","2016-31"
"Batangas","Pneumonia","2016-32"
"Batangas","Pneumonia","2016-33"
"Batangas","Pneumonia","2016-34"
"Batangas","Pneumonia","2016-35"
"Batangas","Pneumonia","2016-36"
"Batangas","Pneumonia","2016-37"
"Batangas","Pneumonia","2016-38"
"Batangas","Pneumonia","2016-39"
"Batangas","Pneumonia","2016-40"
"Batangas","Pneumonia","2016-41"
"Batangas","Pneumonia","2016-42"
"Batangas","Pneumonia","2016-43"
"Batangas","Pneumonia","2016-44"
"Batangas","Pneumonia","2016-45"
"Batangas","Pneumonia","2016-46"
"Batangas","Pneumonia","2016-47"
"Batangas","Pneumonia","2016-48"
"Batangas","Pneumonia","2016-49"
"Batangas","Pneumonia","2016-50"
"Cavite","Pneumonia","2016-36"
"Cavite","Pneumonia","2016-37"
"Cavite","Pneumonia","2016-38"
"Cavite","Pneumonia","2016-39"
"Cavite","Pneumonia","2016-40"
"Cavite","Pneumonia","2016-41"
"Cavite","Pneumonia","2016-42"
"Cavite","Pneumonia","2016-43"
"Cavite","Pneumonia","2016-44"
"Quezon","Pneumonia","2016-28"
"Quezon","Pneumonia","2016-29"
"Quezon","Pneumonia","2016-30"
"Quezon","Pneumonia","2016-31"
"Quezon","Pneumonia","2016-32"
"Quezon","Pneumonia","2016-33"
"Quezon","Pneumonia","2016-34"
"Quezon","Pneumonia","2016-35"
"Quezon","Pneumonia","2016-36"
"Quezon","Pneumonia","2016-37"
"Quezon","Pneumonia","2016-38"
"Quezon","Pneumonia","2016-39"
"Quezon","Pneumonia","2016-40"
"Quezon","Pneumonia","2016-41"
"Quezon","Pneumonia","2016-42"
"Quezon","Pneumonia","2016-43"
"Rizal","Pneumonia","2016-19"
"Rizal","Pneumonia","2016-20"
"Rizal","Pneumonia","2016-21"
"Rizal","Pneumonia","2016-22"
"Rizal","Pneumonia","2016-23"
"Rizal","Pneumonia","2016-24"
"Rizal","Pneumonia","2016-25"
"Rizal","Pneumonia","2016-26"
"Rizal","Pneumonia","2016-27"
"Rizal","Pneumonia","2016-28"
"Rizal","Pneumonia","2016-29"
"Rizal","Pneumonia","2016-30"
"Rizal","Pneumonia","2016-31"
"Rizal","Pneumonia","2016-32"
"Rizal","Pneumonia","2016-33"
"Rizal","Pneumonia","2016-34"
"Rizal","Pneumonia","2016-35"
"Rizal","Pneumonia","2016-36"
"Rizal","Pneumonia","2016-37"
"Rizal","Pneumonia","2016-38"
"Rizal","Pneumonia","2016-39"
"Rizal","Pneumonia","2016-40"
"Rizal","Pneumonia","2016-41"
"Rizal","Pneumonia","2016-42"
"Rizal","Pneumonia","2016-43"
"Rizal","Pneumonia","2017-39"
"Rizal","Pneumonia","2017-40"
"Rizal","Pneumonia","2018-41"
"Aklan","Pneumonia","2016-35"
"Iloilo","Pneumonia","2016-22"
"Iloilo","Pneumonia","2016-29"
"Iloilo","Pneumonia","2016-33"
"Iloilo","Pneumonia","2016-34"
"Iloilo","Pneumonia","2016-37"
"Iloilo","Pneumonia","2016-42"
"Negros Occidental","Pneumonia","2016-51"
"Negros Occidental","Pneumonia","2018-47"
"Negros Occidental","Pneumonia","2019-05"
"Negros Occidental","Pneumonia","2019-50"
"Bohol","Pneumonia","2016-19"
"Bohol","Pneumonia","2016-20"
"Bohol","Pneumonia","2016-21"
"Bohol","Pneumonia","2016-22"
"Bohol","Pneumonia","2016-23"
"Bohol","Pneumonia","2016-24"
"Bohol","Pneumonia","2016-25"
"Bohol","Pneumonia","2016-26"
"Bohol","Pneumonia","2016-27"
"Bohol","Pneumonia","2016-28"
"Bohol","Pneumonia","2016-29"
"Bohol","Pneumonia","2016-30"
"Bohol","Pneumonia","2016-31"
"Bohol","Pneumonia","2016-32"
"Bohol","Pneumonia","2016-33"
"Bohol","Pneumonia","2016-34"
"Bohol","Pneumonia","2016-35"
"Bohol","Pneumonia","2016-36"
"Bohol","Pneumonia","2016-37"
"Bohol","Pneumonia","2016-38"
"Bohol","Pneumonia","2016-39"
"Cebu","Pneumonia","2016-36"
"Cebu","Pneumonia","2016-37"
"Cebu","Pneumonia","2016-38"
"Cebu","Pneumonia","2016-39"
"Cebu","Pneumonia","2016-40"
"Cebu","Pneumonia","2016-41"
"Cebu","Pneumonia","2016-42"
"Cebu","Pneumonia","2016-43"
"Cebu","Pneumonia","2016-44"
"Cebu","Pneumonia","2016-45"
"Cebu","Pneumonia","2019-09"
"Cebu","Pneumonia","2019-10"
"Cebu","Pneumonia","2019-11"
"Cebu","Pneumonia","2019-12"
"Cebu","Pneumonia","2019-13"
"Negros Oriental","Pneumonia","2019-01"
"Negros Oriental","Pneumonia","2019-02"
"Negros Oriental","Pneumonia","2019-03"
"Negros Oriental","Pneumonia","2019-04"
"Negros Oriental","Pneumonia","2019-05"
"Negros Oriental","Pneumonia","2019-06"
"Negros Oriental","Pneumonia","2019-07"
"Negros Oriental","Pneumonia","2019-08"
"Negros Oriental","Pneumonia","2019-09"
"Negros Oriental","Pneumonia","2019-10"
"Negros Oriental","Pneumonia","2019-11"
"Negros Oriental","Pneumonia","2019-12"
"Negros Oriental","Pneumonia","2019-13"
"Negros Oriental","Pneumonia","2019-14"
"Negros Oriental","Pneumonia","2019-15"
"Negros Oriental","Pneumonia","2019-16"
"Negros Oriental","Pneumonia","2019-17"
"Negros Oriental","Pneumonia","2019-18"
"Negros Oriental","Pneumonia","2019-19"
"Negros Oriental","Pneumonia","2019-20"
"Negros Oriental","Pneumonia","2019-21"
"Leyte","Pneumonia","2016-34"
"Leyte","Pneumonia","2016-35"
"Leyte","Pneumonia","2016-36"
"Leyte","Pneumonia","2016-37"
"Leyte","Pneumonia","2016-38"
"Leyte","Pneumonia","2016-39"
"Leyte","Pneumonia","2016-40"
"Leyte","Pneumonia","2016-41"
"Leyte","Pneumonia","2016-42"
"Leyte","Pneumonia","2016-43"
"Leyte","Pneumonia","2016-44"
"Leyte","Pneumonia","2016-45"
"Southern Leyte","Pneumonia","2017-37"
"Zamboanga del Norte","Pneumonia","2016-43"
"Zamboanga del Norte","Pneumonia","2016-44"
"Zamboanga del Norte","Pneumonia","2016-45"
"Zamboanga del Norte","Pneumonia","2016-46"
"Zamboanga del Sur","Pneumonia","2016-44"
"Zamboanga del Sur","Pneumonia","2017-15"
"Misamis Oriental","Pneumonia","2018-35"
"Misamis Oriental","Pneumonia","2018-36"
"Misamis Oriental","Pneumonia","2018-37"
"Misamis Oriental","Pneumonia","2018-38"
"Misamis Oriental","Pneumonia","2018-39"
"Misamis Oriental","Pneumonia","2018-40"
"Misamis Oriental","Pneumonia","2018-41"
"Misamis Oriental","Pneumonia","2018-42"
"Misamis Oriental","Pneumonia","2018-43"
"Misamis Oriental","Pneumonia","2018-44"
"Misamis Oriental","Pneumonia","2018-45"
"Davao del Norte","Pneumonia","2016-19"
"Davao del Norte","Pneumonia","2016-20"
"Davao del Norte","Pneumonia","2016-21"
"Davao del Norte","Pneumonia","2016-22"
"Davao del Norte","Pneumonia","2016-23"
"Davao del Norte","Pneumonia","2016-24"
"Davao del Norte","Pneumonia","2016-25"
"Davao del Norte","Pneumonia","2016-26"
"Davao del Norte","Pneumonia","2016-27"
"Davao del Norte","Pneumonia","2016-28"
"Davao del Norte","Pneumonia","2016-29"
"Davao del Norte","Pneumonia","2016-30"
"Davao del Norte","Pneumonia","2016-31"
"Davao del Norte","Pneumonia","2016-32"
"Davao del Norte","Pneumonia","2016-33"
"Davao del Norte","Pneumonia","2016-34"
"Davao del Norte","Pneumonia","2016-35"
"Davao del Norte","Pneumonia","2016-36"
"Davao del Norte","Pneumonia","2016-37"
"Davao del Norte","Pneumonia","2016-38"
"Davao del Norte","Pneumonia","2016-39"
"Davao del Norte","Pneumonia","2016-40"
"Davao del Norte","Pneumonia","2016-41"
"Davao del Norte","Pneumonia","2016-42"
"Davao del Norte","Pneumonia","2016-43"
"Davao del Norte","Pneumonia","2016-44"
"Davao del Norte","Pneumonia","2016-45"
"Davao del Norte","Pneumonia","2016-46"
"Davao del Norte","Pneumonia","2016-47"
"Davao del Norte","Pneumonia","2016-48"
"Davao del Norte","Pneumonia","2016-49"
"Davao del Norte","Pneumonia","2016-50"
"Davao del Norte","Pneumonia","2016-51"
"Davao del Norte","Pneumonia","2016-52"
"Davao del Norte","Pneumonia","2017-01"
"Davao del Norte","Pneumonia","2017-02"
"Davao del Norte","Pneumonia","2017-03"
"Davao del Norte","Pneumonia","2017-04"
"Davao del Norte","Pneumonia","2017-05"
"Davao del Norte","Pneumonia","2017-06"
"Davao del Norte","Pneumonia","2017-07"
"Davao del Norte","Pneumonia","2017-08"
"Davao del Norte","Pneumonia","2017-09"
"Davao del Norte","Pneumonia","2017-10"
"Davao del Norte","Pneumonia","2017-11"
"Davao del Norte","Pneumonia","2017-12"
"Davao del Norte","Pneumonia","2017-13"
"Davao del Norte","Pneumonia","2017-14"
"Davao del Norte","Pneumonia","2017-15"
"Davao del Norte","Pneumonia","2017-16"
"Davao del Norte","Pneumonia","2017-32"
"Davao del Norte","Pneumonia","2017-33"
"Davao del Norte","Pneumonia","2017-34"
"Davao del Norte","Pneumonia","2017-35"
"Davao del Norte","Pneumonia","2017-36"
"Davao del Sur","Pneumonia","2016-19"
"Davao del Sur","Pneumonia","2016-20"
"Davao del Sur","Pneumonia","2016-21"
"Davao del Sur","Pneumonia","2016-22"
"Davao del Sur","Pneumonia","2016-23"
"Davao del Sur","Pneumonia","2016-24"
"Davao del Sur","Pneumonia","2016-25"
"Davao del Sur","Pneumonia","2016-26"
"Davao del Sur","Pneumonia","2016-27"
"Davao del Sur","Pneumonia","2016-28"
"Davao del Sur","Pneumonia","2016-29"
"Davao del Sur","Pneumonia","2016-30"
"Davao del Sur","Pneumonia","2016-31"
"Davao del Sur","Pneumonia","2016-32"
"Davao del Sur","Pneumonia","2016-33"
"Davao del Sur","Pneumonia","2016-34"
"Davao Oriental","Pneumonia","2017-51"
"Davao Oriental","Pneumonia","2017-52"
"Davao Oriental","Pneumonia","2018-01"
"Davao Oriental","Pneumonia","2018-02"
"Davao Oriental","Pneumonia","2018-03"
"South Cotabato","Pneumonia","2016-19"
"South Cotabato","Pneumonia","2016-20"
"South Cotabato","Pneumonia","2016-21"
"South Cotabato","Pneumonia","2016-22"
"South Cotabato","Pneumonia","2016-23"
"South Cotabato","Pneumonia","2016-24"
"South Cotabato","Pneumonia","2016-25"
"South Cotabato","Pneumonia","2016-26"
"South Cotabato","Pneumonia","2016-27"
"South Cotabato","Pneumonia","2016-28"
"South Cotabato","Pneumonia","2016-29"
"South Cotabato","Pneumonia","2016-30"
"South Cotabato","Pneumonia","2016-31"
"South Cotabato","Pneumonia","2016-32"
"South Cotabato","Pneumonia","2016-33"
"South Cotabato","Pneumonia","2016-34"
"South Cotabato","Pneumonia","2016-35"
"South Cotabato","Pneumonia","2016-36"
"South Cotabato","Pneumonia","2016-37"
"South Cotabato","Pneumonia","2016-38"
"South Cotabato","Pneumonia","2016-39"
"South Cotabato","Pneumonia","2016-40"
"South Cotabato","Pneumonia","2016-41"
"South Cotabato","Pneumonia","2018-40"
"South Cotabato","Pneumonia","2018-41"
"South Cotabato","Pneumonia","2018-42"
"South Cotabato","Pneumonia","2018-43"
"Sarangani","Pneumonia","2018-06"
"Sarangani","Pneumonia","2018-23"
"National Capital Region","Pneumonia","2016-19"
"National Capital Region","Pneumonia","2016-20"
"National Capital Region","Pneumonia","2016-21"
"National Capital Region","Pneumonia","2016-22"
"National Capital Region","Pneumonia","2016-23"
"National Capital Region","Pneumonia","2016-24"
"National Capital Region","Pneumonia","2016-25"
"National Capital Region","Pneumonia","2016-26"
"National Capital Region","Pneumonia","2016-27"
"National Capital Region","Pneumonia","2016-28"
"National Capital Region","Pneumonia","2016-29"
"National Capital Region","Pneumonia","2016-30"
"National Capital Region","Pneumonia","2016-31"
"National Capital Region","Pneumonia","2016-32"
"National Capital Region","Pneumonia","2016-33"
"National Capital Region","Pneumonia","2016-34"
"National Capital Region","Pneumonia","2016-35"
"National Capital Region","Pneumonia","2016-36"
"National Capital Region","Pneumonia","2016-37"
"National Capital Region","Pneumonia","2016-38"
"National Capital Region","Pneumonia","2016-39"
"National Capital Region","Pneumonia","2016-40"
"National Capital Region","Pneumonia","2016-41"
"National Capital Region","Pneumonia","2016-42"
"National Capital Region","Pneumonia","2016-43"
"National Capital Region","Pneumonia","2016-44"
"National Capital Region","Pneumonia","2016-45"
"National Capital Region","Pneumonia","2016-46"
"National Capital Region","Pneumonia","2016-47"
"National Capital Region","Pneumonia","2016-48"
"National Capital Region","Pneumonia","2016-49"
"National Capital Region","Pneumonia","2016-50"
"National Capital Region","Pneumonia","2016-51"
"National Capital Region","Pneumonia","2016-52"
"National Capital Region","Pneumonia","2017-01"
"National Capital Region","Pneumonia","2017-02"
"National Capital Region","Pneumonia","2017-03"
"National Capital Region","Pneumonia","2017-04"
"National Capital Region","Pneumonia","2017-05"
"National Capital Region","Pneumonia","2017-06"
"National Capital Region","Pneumonia","2017-07"
"National Capital Region","Pneumonia","2017-08"
"National Capital Region","Pneumonia","2017-09"
"National Capital Region","Pneumonia","2017-10"
"National Capital Region","Pneumonia","2017-11"
"National Capital Region","Pneumonia","2017-12"
"National Capital Region","Pneumonia","2017-13"
"National Capital Region","Pneumonia","2017-14"
"National Capital Region","Pneumonia","2017-15"
"National Capital Region","Pneumonia","2017-16"
"National Capital Region","Pneumonia","2017-17"
"National Capital Region","Pneumonia","2017-18"
"National Capital Region","Pneumonia","2017-19"
"National Capital Region","Pneumonia","2017-20"
"National Capital Region","Pneumonia","2017-21"
"National Capital Region","Pneumonia","2017-22"
"National Capital Region","Pneumonia","2017-23"
"National Capital Region","Pneumonia","2017-24"
"National Capital Region","Pneumonia","2017-25"
"National Capital Region","Pneumonia","2017-26"
"National Capital Region","Pneumonia","2017-27"
"National Capital Region","Pneumonia","2017-28"
"National Capital Region","Pneumonia","2017-29"
"National Capital Region","Pneumonia","2017-30"
"National Capital Region","Pneumonia","2017-31"
"National Capital Region","Pneumonia","2017-32"
"National Capital Region","Pneumonia","2017-33"
"National Capital Region","Pneumonia","2017-34"
"National Capital Region","Pneumonia","2017-35"
"National Capital Region","Pneumonia","2017-36"
"National Capital Region","Pneumonia","2017-37"
"National Capital Region","Pneumonia","2017-38"
"National Capital Region","Pneumonia","2017-39"
"National Capital Region","Pneumonia","2017-40"
"National Capital Region","Pneumonia","2017-41"
"Agusan del Sur","Pneumonia","2016-19"
"Agusan del Sur","Pneumonia","2016-20"
"Agusan del Sur","Pneumonia","2016-21"
"Agusan del Sur","Pneumonia","2016-22"
"Agusan del Sur","Pneumonia","2016-23"
"Agusan del Sur","Pneumonia","2016-24"
"Agusan del Sur","Pneumonia","2016-25"
"Agusan del Sur","Pneumonia","2016-26"
"Agusan del Sur","Pneumonia","2016-27"
"Agusan del Sur","Pneumonia","2016-28"
"Agusan del Sur","Pneumonia","2016-29"
"Agusan del Sur","Pneumonia","2016-30"
"Agusan del Sur","Pneumonia","2016-31"
"Agusan del Sur","Pneumonia","2016-32"
"Agusan del Sur","Pneumonia","2016-33"
"Agusan del Sur","Pneumonia","2016-34"
"Agusan del Sur","Pneumonia","2016-35"
"Agusan del Sur","Pneumonia","2016-36"
"Agusan del Sur","Pneumonia","2016-37"
"Agusan del Sur","Pneumonia","2016-38"
"Agusan del Sur","Pneumonia","2016-39"
"Agusan del Sur","Pneumonia","2016-40"
"Agusan del Sur","Pneumonia","2016-41"
"Agusan del Sur","Pneumonia","2016-42"
"Agusan del Sur","Pneumonia","2016-43"
"Agusan del Sur","Pneumonia","2016-44"
"Agusan del Sur","Pneumonia","2016-45"
"Agusan del Sur","Pneumonia","2016-46"
"Agusan del Sur","Pneumonia","2016-47"
"Agusan del Sur","Pneumonia","2016-48"
"Agusan del Sur","Pneumonia","2016-49"
"Surigao del Sur","Pneumonia","2016-33"
"Nueva Ecija","Sepsis","2016-37"
"Nueva Ecija","Sepsis","2019-04"
"Nueva Ecija","Sepsis","2019-05"
"Nueva Ecija","Sepsis","2019-06"
"Nueva Ecija","Sepsis","2019-07"
"Nueva Ecija","Sepsis","2019-08"
"Nueva Ecija","Sepsis","2019-09"
"Nueva Ecija","Sepsis","2019-10"
"Nueva Ecija","Sepsis","2019-11"
"Nueva Ecija","Sepsis","2019-12"
"Nueva Ecija","Sepsis","2019-13"
"Nueva Ecija","Sepsis","2019-14"
"Nueva Ecija","Sepsis","2019-15"
"Nueva Ecija","Sepsis","2019-16"
"Nueva Ecija","Sepsis","2019-17"
"Nueva Ecija","Sepsis","2019-18"
"Nueva Ecija","Sepsis","2019-19"
"Pampanga","Sepsis","2016-31"
"Pampanga","Sepsis","2016-32"
"Pampanga","Sepsis","2016-33"
"Pampanga","Sepsis","2016-34"
"Pampanga","Sepsis","2016-35"
"Pampanga","Sepsis","2016-36"
"Pampanga","Sepsis","2016-37"
"Pampanga","Sepsis","2016-38"
"Pampanga","Sepsis","2016-39"
"Pampanga","Sepsis","2016-40"
"Pampanga","Sepsis","2016-41"
"Pampanga","Sepsis","2016-42"
"Pampanga","Sepsis","2016-43"
"Pampanga","Sepsis","2016-44"
"Pampanga","Sepsis","2016-45"
"Pampanga","Sepsis","2016-46"
"Pampanga","Sepsis","2016-47"
"Pampanga","Sepsis","2016-48"
"Pampanga","Sepsis","2016-49"
"Pampanga","Sepsis","2016-50"
"Pampanga","Sepsis","2016-51"
"Pampanga","Sepsis","2016-52"
"Pampanga","Sepsis","2017-01"
"Pampanga","Sepsis","2017-02"
"Pampanga","Sepsis","2017-03"
"Pampanga","Sepsis","2017-04"
"Pampanga","Sepsis","2017-05"
"Pampanga","Sepsis","2017-06"
"Pampanga","Sepsis","2017-07"
"Pampanga","Sepsis","2017-08"
"Pampanga","Sepsis","2017-09"
"Pampanga","Sepsis","2017-10"
"Laguna","Sepsis","2017-02"
"Laguna","Sepsis","2017-03"
"Laguna","Sepsis","2017-04"
"Laguna","Sepsis","2018-31"
"Laguna","Sepsis","2018-32"
"Laguna","Sepsis","2018-33"
"Laguna","Sepsis","2018-34"
"Laguna","Sepsis","2018-35"
"Laguna","Sepsis","2018-36"
"Laguna","Sepsis","2018-37"
"Laguna","Sepsis","2018-38"
"Laguna","Sepsis","2018-39"
"Laguna","Sepsis","2018-40"
"Laguna","Sepsis","2018-41"
"Laguna","Sepsis","2018-42"
"Laguna","Sepsis","2018-43"
"Laguna","Sepsis","2018-44"
"Laguna","Sepsis","2018-45"
"Laguna","Sepsis","2018-46"
"Laguna","Sepsis","2018-47"
"Laguna","Sepsis","2018-48"
"Laguna","Sepsis","2018-49"
"Laguna","Sepsis","2018-50"
"Rizal","Sepsis","2016-19"
"Rizal","Sepsis","2016-20"
"Rizal","Sepsis","2016-21"
"Rizal","Sepsis","2016-22"
"Rizal","Sepsis","2016-23"
"Rizal","Sepsis","2016-24"
"Rizal","Sepsis","2016-25"
"Rizal","Sepsis","2016-26"
"Rizal","Sepsis","2016-27"
"Rizal","Sepsis","2016-28"
"Rizal","Sepsis","2016-29"
"Rizal","Sepsis","2016-30"
"Rizal","Sepsis","2016-31"
"Rizal","Sepsis","2016-32"
"Rizal","Sepsis","2016-33"
"Rizal","Sepsis","2016-34"
"Rizal","Sepsis","2016-35"
"Rizal","Sepsis","2016-36"
"Rizal","Sepsis","2016-37"
"Rizal","Sepsis","2016-38"
"Rizal","Sepsis","2016-39"
"Rizal","Sepsis","2016-40"
"Rizal","Sepsis","2016-41"
"Rizal","Sepsis","2016-42"
"Rizal","Sepsis","2016-43"
"Rizal","Sepsis","2016-44"
"Rizal","Sepsis","2016-45"
"Rizal","Sepsis","2016-46"
"Rizal","Sepsis","2016-47"
"Rizal","Sepsis","2016-48"
"Rizal","Sepsis","2016-49"
"Rizal","Sepsis","2016-50"
"Rizal","Sepsis","2016-51"
"Rizal","Sepsis","2016-52"
"Rizal","Sepsis","2017-01"
"Rizal","Sepsis","2017-02"
"Rizal","Sepsis","2017-03"
"Rizal","Sepsis","2017-04"
"Rizal","Sepsis","2017-05"
"Rizal","Sepsis","2017-06"
"Rizal","Sepsis","2017-07"
"Rizal","Sepsis","2017-08"
"Rizal","Sepsis","2017-09"
"Rizal","Sepsis","2017-10"
"Rizal","Sepsis","2017-11"
"Rizal","Sepsis","2017-12"
"Rizal","Sepsis","2017-13"
"Rizal","Sepsis","2017-14"
"Rizal","Sepsis","2017-15"
"Rizal","Sepsis","2017-16"
"Rizal","Sepsis","2017-17"
"Rizal","Sepsis","2017-18"
"Leyte","Sepsis","2016-19"
"Leyte","Sepsis","2016-20"
"Leyte","Sepsis","2016-21"
"Leyte","Sepsis","2016-22"
"Leyte","Sepsis","2016-23"
"Leyte","Sepsis","2016-24"
"Leyte","Sepsis","2016-25"
"Leyte","Sepsis","2016-26"
"Leyte","Sepsis","2016-27"
"Leyte","Sepsis","2016-28"
"Leyte","Sepsis","2016-29"
"Leyte","Sepsis","2016-30"
"Leyte","Sepsis","2016-31"
"Leyte","Sepsis","2016-32"
"Leyte","Sepsis","2016-33"
"Leyte","Sepsis","2016-34"
"Leyte","Sepsis","2016-35"
"Leyte","Sepsis","2016-36"
"Leyte","Sepsis","2016-37"
"Leyte","Sepsis","2016-38"
"Leyte","Sepsis","2016-39"
"Leyte","Sepsis","2016-40"
"Leyte","Sepsis","2016-41"
"Leyte","Sepsis","2016-42"
"Leyte","Sepsis","2016-43"
"Leyte","Sepsis","2016-44"
"Leyte","Sepsis","2016-45"
"Misamis Occidental","Sepsis","2016-41"
"Davao del Norte","Sepsis","2016-35"
"Davao del Norte","Sepsis","2016-36"
"Davao del Norte","Sepsis","2016-37"
"Davao del Norte","Sepsis","2016-38"
"Davao del Norte","Sepsis","2016-39"
"Davao del Norte","Sepsis","2016-40"
"Davao del Norte","Sepsis","2016-41"
"Davao del Norte","Sepsis","2016-42"
"Davao Oriental","Sepsis","2016-19"
"Davao Oriental","Sepsis","2016-20"
"Davao Oriental","Sepsis","2016-21"
"Davao Oriental","Sepsis","2016-22"
"Davao Oriental","Sepsis","2016-23"
"Davao Oriental","Sepsis","2016-24"
"Davao Oriental","Sepsis","2016-25"
"Davao Oriental","Sepsis","2016-26"
"Davao Oriental","Sepsis","2016-27"
"Davao Oriental","Sepsis","2016-28"
"Davao Oriental","Sepsis","2016-29"
"Davao Oriental","Sepsis","2016-30"
"South Cotabato","Sepsis","2016-28"
"South Cotabato","Sepsis","2016-29"
"South Cotabato","Sepsis","2016-30"
"South Cotabato","Sepsis","2016-31"
"South Cotabato","Sepsis","2016-32"
"South Cotabato","Sepsis","2016-33"
"South Cotabato","Sepsis","2016-34"
"South Cotabato","Sepsis","2016-35"
"South Cotabato","Sepsis","2016-36"
"South Cotabato","Sepsis","2016-37"
"South Cotabato","Sepsis","2016-38"
"South Cotabato","Sepsis","2016-39"
"South Cotabato","Sepsis","2016-40"
"South Cotabato","Sepsis","2016-41"
"South Cotabato","Sepsis","2016-42"
"South Cotabato","Sepsis","2016-43"
"South Cotabato","Sepsis","2016-44"
"South Cotabato","Sepsis","2016-45"
"South Cotabato","Sepsis","2016-46"
"Agusan del Norte","Sepsis","2016-37"
"Agusan del Norte","Sepsis","2016-38"
"Agusan del Norte","Sepsis","2016-39"
"Agusan del Norte","Sepsis","2016-40"
"Agusan del Norte","Sepsis","2016-41"
"Agusan del Norte","Sepsis","2016-42"
"Agusan del Norte","Sepsis","2016-43"
"Agusan del Norte","Sepsis","2016-44"
"Agusan del Norte","Sepsis","2016-45"
"Agusan del Norte","Sepsis","2016-46"
"Ilocos Sur","Other Infectious","2016-39"
"Ilocos Sur","Other Infectious","2016-40"
"Ilocos Sur","Other Infectious","2016-41"
"Ilocos Sur","Other Infectious","2016-42"
"Ilocos Sur","Other Infectious","2016-43"
"Ilocos Sur","Other Infectious","2016-44"
"Pangasinan","Other Infectious","2016-19"
"Pangasinan","Other Infectious","2016-20"
"Pangasinan","Other Infectious","2016-21"
"Pangasinan","Other Infectious","2016-22"
"Pangasinan","Other Infectious","2016-23"
"Pangasinan","Other Infectious","2016-24"
"Pangasinan","Other Infectious","2016-25"
"Pangasinan","Other Infectious","2016-26"
"Pangasinan","Other Infectious","2016-27"
"Pangasinan","Other Infectious","2016-28"
"Pangasinan","Other Infectious","2016-29"
"Pangasinan","Other Infectious","2016-30"
"Pangasinan","Other Infectious","2016-31"
"Pangasinan","Other Infectious","2016-32"
"Pangasinan","Other Infectious","2016-33"
"Pangasinan","Other Infectious","2016-34"
"Pangasinan","Other Infectious","2016-35"
"Pangasinan","Other Infectious","2016-36"
"Pangasinan","Other Infectious","2016-37"
"Pangasinan","Other Infectious","2016-38"
"Pangasinan","Other Infectious","2016-39"
"Pangasinan","Other Infectious","2016-40"
"Pangasinan","Other Infectious","2016-41"
"Pangasinan","Other Infectious","2016-42"
"Cagayan","Other Infectious","2017-37"
"Cagayan","Other Infectious","2017-38"
"Cagayan","Other Infectious","2017-39"
"Cagayan","Other Infectious","2017-40"
"Cagayan","Other Infectious","2017-41"
"Cagayan","Other Infectious","2017-42"
"Bataan","Other Infectious","2016-22"
"Bataan","Other Infectious","2016-23"
"Bataan","Other Infectious","2016-24"
"Bataan","Other Infectious","2016-25"
"Bataan","Other Infectious","2016-26"
"Bataan","Other Infectious","2016-27"
"Bataan","Other Infectious","2016-28"
"Bataan","Other Infectious","2016-29"
"Bataan","Other Infectious","2016-30"
"Bataan","Other Infectious","2016-31"
"Bataan","Other Infectious","2016-32"
"Bataan","Other Infectious","2016-33"
"Bataan","Other Infectious","2016-34"
"Nueva Ecija","Other Infectious","2018-46"
"Nueva Ecija","Other Infectious","2018-47"
"Nueva Ecija","Other Infectious","2018-48"
"Nueva Ecija","Other Infectious","2018-49"
"Nueva Ecija","Other Infectious","2018-50"
"Nueva Ecija","Other Infectious","2018-51"
"Nueva Ecija","Other Infectious","2018-52"
"Nueva Ecija","Other Infectious","2019-01"
"Nueva Ecija","Other Infectious","2019-02"
"Nueva Ecija","Other Infectious","2019-03"
"Nueva Ecija","Other Infectious","2019-04"
"Nueva Ecija","Other Infectious","2019-05"
"Nueva Ecija","Other Infectious","2019-06"
"Nueva Ecija","Other Infectious","2019-07"
"Nueva Ecija","Other Infectious","2019-08"
"Nueva Ecija","Other Infectious","2019-09"
"Nueva Ecija","Other Infectious","2019-10"
"Pampanga","Other Infectious","2016-39"
"Pampanga","Other Infectious","2016-40"
"Pampanga","Other Infectious","2016-41"
"Pampanga","Other Infectious","2016-42"
"Pampanga","Other Infectious","2019-09"
"Pampanga","Other Infectious","2019-10"
"Pampanga","Other Infectious","2019-11"
"Pampanga","Other Infectious","2019-12"
"Tarlac","Other Infectious","2018-29"
"Tarlac","Other Infectious","2018-30"
"Albay","Other Infectious","2018-12"
"Albay","Other Infectious","2018-13"
"Albay","Other Infectious","2018-14"
"Albay","Other Infectious","2018-15"
"Albay","Other Infectious","2018-16"
"Albay","Other Infectious","2018-17"
"Albay","Other Infectious","2018-18"
"Albay","Other Infectious","2018-19"
"Albay","Other Infectious","2018-20"
"Albay","Other Infectious","2018-21"
"Albay","Other Infectious","2018-22"
"Albay","Other Infectious","2018-23"
"Masbate","Other Infectious","2016-19"
"Masbate","Other Infectious","2016-20"
"Masbate","Other Infectious","2016-21"
"Masbate","Other Infectious","2016-22"
"Masbate","Other Infectious","2016-23"
"Masbate","Other Infectious","2016-24"
"Masbate","Other Infectious","2016-25"
"Masbate","Other Infectious","2016-26"
"Masbate","Other Infectious","2016-27"
"Masbate","Other Infectious","2016-28"
"Masbate","Other Infectious","2016-29"
"Masbate","Other Infectious","2016-30"
"Masbate","Other Infectious","2016-31"
"Masbate","Other Infectious","2016-32"
"Negros Occidental","Other Infectious","2016-22"
"Negros Occidental","Other Infectious","2016-30"
"Negros Occidental","Other Infectious","2016-31"
"Negros Occidental","Other Infectious","2016-32"
"Cebu","Other Infectious","2016-19"
"Cebu","Other Infectious","2016-20"
"Cebu","Other Infectious","2016-21"
"Cebu","Other Infectious","2016-22"
"Cebu","Other Infectious","2016-23"
"Cebu","Other Infectious","2016-24"
"Cebu","Other Infectious","2016-25"
"Cebu","Other Infectious","2016-26"
"Cebu","Other Infectious","2016-27"
"Cebu","Other Infectious","2016-28"
"Cebu","Other Infectious","2016-29"
"Cebu","Other Infectious","2016-30"
"Cebu","Other Infectious","2016-31"
"Cebu","Other Infectious","2016-32"
"Cebu","Other Infectious","2016-33"
"Cebu","Other Infectious","2016-34"
"Cebu","Other Infectious","2016-35"
"Cebu","Other Infectious","2016-36"
"Cebu","Other Infectious","2016-37"
"Cebu","Other Infectious","2016-38"
"Cebu","Other Infectious","2016-39"
"Cebu","Other Infectious","2016-40"
"Cebu","Other Infectious","2016-41"
"Cebu","Other Infectious","2016-42"
"Cebu","Other Infectious","2016-43"
"Cebu","Other Infectious","2016-44"
"Cebu","Other Infectious","2016-45"
"Cebu","Other Infectious","2016-46"
"Cebu","Other Infectious","2016-47"
"Cebu","Other Infectious","2016-48"
"Cebu","Other Infectious","2016-49"
"Cebu","Other Infectious","2016-50"
"Cebu","Other Infectious","2016-51"
"Negros Oriental","Other Infectious","2016-19"
"Negros Oriental","Other Infectious","2016-20"
"Negros Oriental","Other Infectious","2016-21"
"Negros Oriental","Other Infectious","2016-22"
"Negros Oriental","Other Infectious","2016-23"
"Negros Oriental","Other Infectious","2016-24"
"Negros Oriental","Other Infectious","2016-25"
"Negros Oriental","Other Infectious","2016-26"
"Negros Oriental","Other Infectious","2016-27"
"Negros Oriental","Other Infectious","2016-28"
"Negros Oriental","Other Infectious","2016-29"
"Negros Oriental","Other Infectious","2016-30"
"Zamboanga del Norte","Other Infectious","2016-19"
"Zamboanga del Norte","Other Infectious","2016-20"
"Zamboanga del Norte","Other Infectious","2016-21"
"Zamboanga del Norte","Other Infectious","2016-22"
"Zamboanga del Norte","Other Infectious","2016-23"
"Zamboanga del Norte","Other Infectious","2016-24"
"Zamboanga del Norte","Other Infectious","2016-25"
"Zamboanga del Norte","Other Infectious","2016-26"
"Zamboanga del Norte","Other Infectious","2016-27"
"Zamboanga del Norte","Other Infectious","2016-28"
"Zamboanga del Norte","Other Infectious","2016-29"
"Zamboanga del Norte","Other Infectious","2016-30"
"Zamboanga del Norte","Other Infectious","2016-31"
"Zamboanga del Norte","Other Infectious","2016-32"
"Zamboanga del Norte","Other Infectious","2016-33"
"Zamboanga del Norte","Other Infectious","2016-34"
"Zamboanga del Norte","Other Infectious","2016-35"
"Zamboanga del Norte","Other Infectious","2016-36"
"Zamboanga del Norte","Other Infectious","2016-37"
"Zamboanga del Norte","Other Infectious","2016-38"
"Zamboanga del Norte","Other Infectious","2016-39"
"Zamboanga del Norte","Other Infectious","2016-40"
"Zamboanga del Norte","Other Infectious","2016-41"
"Zamboanga del Norte","Other Infectious","2016-42"
"Zamboanga del Norte","Other Infectious","2016-43"
"Zamboanga del Norte","Other Infectious","2016-44"
"Zamboanga del Norte","Other Infectious","2016-45"
"Lanao del Norte","Other Infectious","2016-19"
"Lanao del Norte","Other Infectious","2016-20"
"Lanao del Norte","Other Infectious","2016-21"
"Lanao del Norte","Other Infectious","2016-22"
"Lanao del Norte","Other Infectious","2016-23"
"Lanao del Norte","Other Infectious","2016-24"
"Lanao del Norte","Other Infectious","2016-25"
"Lanao del Norte","Other Infectious","2016-26"
"Lanao del Norte","Other Infectious","2016-27"
"Lanao del Norte","Other Infectious","2016-28"
"Lanao del Norte","Other Infectious","2016-29"
"Lanao del Norte","Other Infectious","2016-30"
"Lanao del Norte","Other Infectious","2016-31"
"Lanao del Norte","Other Infectious","2016-32"
"Lanao del Norte","Other Infectious","2016-33"
"Lanao del Norte","Other Infectious","2016-34"
"Lanao del Norte","Other Infectious","2016-35"
"Lanao del Norte","Other Infectious","2016-36"
"Lanao del Norte","Other Infectious","2016-37"
"Lanao del Norte","Other Infectious","2016-38"
"Lanao del Norte","Other Infectious","2016-39"
"Lanao del Norte","Other Infectious","2016-40"
"Lanao del Norte","Other Infectious","2016-41"
"Lanao del Norte","Other Infectious","2016-42"
"Lanao del Norte","Other Infectious","2016-43"
"Lanao del Norte","Other Infectious","2016-44"
"Misamis Occidental","Other Infectious","2016-19"
"Misamis Occidental","Other Infectious","2016-20"
"Misamis Occidental","Other Infectious","2016-21"
"Misamis Occidental","Other Infectious","2016-22"
"Misamis Occidental","Other Infectious","2016-23"
"Misamis Occidental","Other Infectious","2016-24"
"Misamis Occidental","Other Infectious","2016-25"
"Misamis Occidental","Other Infectious","2016-26"
"Misamis Occidental","Other Infectious","2016-27"
"Misamis Occidental","Other Infectious","2016-28"
"Misamis Occidental","Other Infectious","2016-29"
"Misamis Occidental","Other Infectious","2016-30"
"Misamis Occidental","Other Infectious","2016-31"
"Misamis Occidental","Other Infectious","2016-32"
"Misamis Occidental","Other Infectious","2016-33"
"Misamis Occidental","Other Infectious","2016-34"
"Misamis Occidental","Other Infectious","2016-35"
"Misamis Occidental","Other Infectious","2016-36"
"Misamis Occidental","Other Infectious","2016-37"
"Misamis Occidental","Other Infectious","2016-38"
"Misamis Occidental","Other Infectious","2016-39"
"Misamis Occidental","Other Infectious","2016-40"
"Misamis Occidental","Other Infectious","2016-41"
"Misamis Oriental","Other Infectious","2016-19"
"Misamis Oriental","Other Infectious","2016-20"
"Misamis Oriental","Other Infectious","2016-21"
"Misamis Oriental","Other Infectious","2016-22"
"Misamis Oriental","Other Infectious","2016-23"
"Misamis Oriental","Other Infectious","2016-24"
"Misamis Oriental","Other Infectious","2016-25"
"Misamis Oriental","Other Infectious","2016-26"
"Misamis Oriental","Other Infectious","2016-27"
"Misamis Oriental","Other Infectious","2016-28"
"Misamis Oriental","Other Infectious","2016-29"
"Misamis Oriental","Other Infectious","2016-30"
"Misamis Oriental","Other Infectious","2016-31"
"Davao del Norte","Other Infectious","2016-19"
"Davao del Norte","Other Infectious","2016-20"
"Davao del Norte","Other Infectious","2016-21"
"Davao del Norte","Other Infectious","2016-22"
"Davao del Norte","Other Infectious","2016-23"
"Davao del Norte","Other Infectious","2016-24"
"Davao del Norte","Other Infectious","2016-25"
"Davao del Norte","Other Infectious","2016-26"
"Davao del Norte","Other Infectious","2016-27"
"Davao del Norte","Other Infectious","2016-28"
"Davao del Norte","Other Infectious","2016-29"
"Davao del Norte","Other Infectious","2016-30"
"Davao del Norte","Other Infectious","2016-31"
"Davao del Norte","Other Infectious","2016-32"
"Davao del Norte","Other Infectious","2016-33"
"Davao del Norte","Other Infectious","2016-34"
"Davao del Norte","Other Infectious","2016-35"
"Davao del Norte","Other Infectious","2016-36"
"Davao del Norte","Other Infectious","2016-37"
"Davao del Norte","Other Infectious","2016-38"
"Davao del Norte","Other Infectious","2016-39"
"Davao del Norte","Other Infectious","2016-40"
"Davao del Norte","Other Infectious","2016-41"
"Davao del Norte","Other Infectious","2016-42"
"Davao del Norte","Other Infectious","2016-43"
"Davao del Norte","Other Infectious","2016-44"
"Davao del Norte","Other Infectious","2016-45"
"Davao del Norte","Other Infectious","2016-46"
"Davao del Norte","Other Infectious","2016-47"
"Davao del Norte","Other Infectious","2016-48"
"Davao del Sur","Other Infectious","2016-19"
"Davao del Sur","Other Infectious","2016-20"
"Davao del Sur","Other Infectious","2016-21"
"Davao del Sur","Other Infectious","2016-22"
"Davao del Sur","Other Infectious","2016-23"
"Davao del Sur","Other Infectious","2016-24"
"Davao del Sur","Other Infectious","2016-25"
"Davao del Sur","Other Infectious","2016-26"
"Davao del Sur","Other Infectious","2016-27"
"Davao del Sur","Other Infectious","2016-28"
"Davao del Sur","Other Infectious","2016-29"
"Davao del Sur","Other Infectious","2016-30"
"Davao del Sur","Other Infectious","2016-31"
"Davao del Sur","Other Infectious","2016-32"
"Davao del Sur","Other Infectious","2016-33"
"Davao del Sur","Other Infectious","2016-34"
"Compostela Valley","Other Infectious","2016-19"
"Compostela Valley","Other Infectious","2016-20"
"Compostela Valley","Other Infectious","2016-21"
"Compostela Valley","Other Infectious","2016-22"
"Compostela Valley","Other Infectious","2016-23"
"Compostela Valley","Other Infectious","2016-24"
"Compostela Valley","Other Infectious","2016-25"
"Compostela Valley","Other Infectious","2016-26"
"Cotabato","Other Infectious","2016-19"
"Cotabato","Other Infectious","2016-20"
"Cotabato","Other Infectious","2016-21"
"Cotabato","Other Infectious","2016-22"
"Cotabato","Other Infectious","2016-23"
"Cotabato","Other Infectious","2016-24"
"Cotabato","Other Infectious","2016-25"
"Cotabato","Other Infectious","2016-26"
"Cotabato","Other Infectious","2016-27"
"Cotabato","Other Infectious","2016-28"
"Cotabato","Other Infectious","2016-29"
"Cotabato","Other Infectious","2016-30"
"Cotabato","Other Infectious","2016-31"
"South Cotabato","Other Infectious","2016-19"
"South Cotabato","Other Infectious","2016-20"
"South Cotabato","Other Infectious","2016-21"
"South Cotabato","Other Infectious","2016-22"
"South Cotabato","Other Infectious","2016-23"
"South Cotabato","Other Infectious","2016-24"
"South Cotabato","Other Infectious","2016-25"
"South Cotabato","Other Infectious","2016-26"
"South Cotabato","Other Infectious","2016-27"
"South Cotabato","Other Infectious","2016-28"
"South Cotabato","Other Infectious","2016-29"
"South Cotabato","Other Infectious","2016-30"
"South Cotabato","Other Infectious","2016-31"
"South Cotabato","Other Infectious","2016-32"
"South Cotabato","Other Infectious","2016-33"
"South Cotabato","Other Infectious","2016-34"
"South Cotabato","Other Infectious","2016-35"
"South Cotabato","Other Infectious","2016-36"
"South Cotabato","Other Infectious","2016-37"
"South Cotabato","Other Infectious","2016-38"
"South Cotabato","Other Infectious","2016-39"
"South Cotabato","Other Infectious","2016-40"
"South Cotabato","Other Infectious","2016-41"
"South Cotabato","Other Infectious","2016-42"
"South Cotabato","Other Infectious","2016-43"
"South Cotabato","Other Infectious","2016-44"
"South Cotabato","Other Infectious","2016-45"
"South Cotabato","Other Infectious","2016-46"
"Sultan Kudarat","Other Infectious","2016-19"
"Sultan Kudarat","Other Infectious","2016-20"
"Sultan Kudarat","Other Infectious","2016-21"
"Sultan Kudarat","Other Infectious","2016-22"
"Sultan Kudarat","Other Infectious","2016-23"
"Sultan Kudarat","Other Infectious","2016-24"
"Sultan Kudarat","Other Infectious","2016-25"
"Sultan Kudarat","Other Infectious","2016-26"
"Sultan Kudarat","Other Infectious","2016-27"
"Sultan Kudarat","Other Infectious","2016-28"
"Sultan Kudarat","Other Infectious","2016-29"
"Sultan Kudarat","Other Infectious","2016-30"
"Sultan Kudarat","Other Infectious","2016-31"
"Sultan Kudarat","Other Infectious","2016-32"
"Sultan Kudarat","Other Infectious","2016-33"
"Sultan Kudarat","Other Infectious","2016-34"
"Sultan Kudarat","Other Infectious","2016-35"
"Sultan Kudarat","Other Infectious","2016-36"
"Sultan Kudarat","Other Infectious","2016-37"
"Sultan Kudarat","Other Infectious","2016-38"
"Sultan Kudarat","Other Infectious","2016-39"
"Sultan Kudarat","Other Infectious","2016-40"
"Sultan Kudarat","Other Infectious","2016-41"
"Sultan Kudarat","Other Infectious","2016-42"
"Sultan Kudarat","Other Infectious","2016-43"
"Sultan Kudarat","Other Infectious","2016-44"
"Sultan Kudarat","Other Infectious","2016-45"
"Sultan Kudarat","Other Infectious","2016-46"
"Sultan Kudarat","Other Infectious","2016-47"
"Sultan Kudarat","Other Infectious","2016-48"
"Sultan Kudarat","Other Infectious","2016-49"
"Sultan Kudarat","Other Infectious","2016-50"
"Sultan Kudarat","Other Infectious","2016-51"
"Sultan Kudarat","Other Infectious","2016-52"
"Sultan Kudarat","Other Infectious","2017-01"
"Sultan Kudarat","Other Infectious","2018-28"
"Sultan Kudarat","Other Infectious","2018-29"
"Sultan Kudarat","Other Infectious","2018-30"
"Sultan Kudarat","Other Infectious","2018-31"
"Sultan Kudarat","Other Infectious","2018-32"
"Sultan Kudarat","Other Infectious","2018-33"
"Sultan Kudarat","Other Infectious","2018-34"
"Sultan Kudarat","Other Infectious","2018-35"
"Sultan Kudarat","Other Infectious","2018-36"
"Sultan Kudarat","Other Infectious","2018-37"
"Sultan Kudarat","Other Infectious","2018-38"
"Sultan Kudarat","Other Infectious","2018-39"
"Sultan Kudarat","Other Infectious","2018-40"
"Sultan Kudarat","Other Infectious","2018-41"
"Sultan Kudarat","Other Infectious","2018-42"
"Sultan Kudarat","Other Infectious","2018-43"
"National Capital Region","Other Infectious","2016-19"
"National Capital Region","Other Infectious","2016-20"
"National Capital Region","Other Infectious","2016-21"
"National Capital Region","Other Infectious","2016-22"
"National Capital Region","Other Infectious","2016-23"
"National Capital Region","Other Infectious","2016-24"
"National Capital Region","Other Infectious","2016-25"
"National Capital Region","Other Infectious","2016-26"
"National Capital Region","Other Infectious","2016-27"
"National Capital Region","Other Infectious","2016-28"
"National Capital Region","Other Infectious","2016-29"
"National Capital Region","Other Infectious","2016-30"
"National Capital Region","Other Infectious","2016-31"
"National Capital Region","Other Infectious","2016-32"
"Benguet","Other Infectious","2016-28"
"Benguet","Other Infectious","2016-29"
"Benguet","Other Infectious","2016-35"
"Benguet","Other Infectious","2016-38"
"Benguet","Other Infectious","2016-39"
"Benguet","Other Infectious","2016-40"
"Benguet","Other Infectious","2016-49"
"Benguet","Other Infectious","2018-35"
"Agusan del Norte","Other Infectious","2016-19"
"Agusan del Norte","Other Infectious","2016-20"
"Agusan del Norte","Other Infectious","2016-21"
"Agusan del Norte","Other Infectious","2016-22"
"Agusan del Norte","Other Infectious","2016-23"
"Agusan del Norte","Other Infectious","2016-24"
"Agusan del Norte","Other Infectious","2016-25"
"Agusan del Norte","Other Infectious","2016-26"
"Agusan del Norte","Other Infectious","2016-27"
"Agusan del Norte","Other Infectious","2016-28"
"Agusan del Norte","Other Infectious","2016-29"
"Agusan del Norte","Other Infectious","2016-30"
"Agusan del Norte","Other Infectious","2016-31"
"Agusan del Norte","Other Infectious","2016-32"
"Agusan del Sur","Other Infectious","2016-19"
"Agusan del Sur","Other Infectious","2016-20"
"Agusan del Sur","Other Infectious","2016-21"
"Agusan del Sur","Other Infectious","2016-22"
"Agusan del Sur","Other Infectious","2016-23"
"Agusan del Sur","Other Infectious","2016-24"
"Agusan del Sur","Other Infectious","2016-25"
"Agusan del Sur","Other Infectious","2016-26"
"Agusan del Sur","Other Infectious","2016-27"
"Agusan del Sur","Other Infectious","2016-28"
"Agusan del Sur","Other Infectious","2016-29"
"Agusan del Sur","Other Infectious","2016-30"
"Agusan del Sur","Other Infectious","2016-31"
"Agusan del Sur","Other Infectious","2016-32"
"Agusan del Sur","Other Infectious","2016-33"
"Agusan del Sur","Other Infectious","2016-34"
"Agusan del Sur","Other Infectious","2016-35"
"Agusan del Sur","Other Infectious","2016-36"
"Agusan del Sur","Other Infectious","2016-37"
"Agusan del Sur","Other Infectious","2016-38"
"Agusan del Sur","Other Infectious","2016-39"
"Agusan del Sur","Other Infectious","2016-40"
"Agusan del Sur","Other Infectious","2016-41"
"Agusan del Sur","Other Infectious","2016-42"
"Agusan del Sur","Other Infectious","2016-43"
"Agusan del Sur","Other Infectious","2016-44"
"Agusan del Sur","Other Infectious","2016-45"
"Agusan del Sur","Other Infectious","2016-46"
"Agusan del Sur","Other Infectious","2016-47"
"Agusan del Sur","Other Infectious","2016-48"
"Agusan del Sur","Other Infectious","2016-49"
"Surigao del Sur","Other Infectious","2016-33"
"Oriental Mindoro","Other Infectious","2016-19"
"Oriental Mindoro","Other Infectious","2016-20"
"Oriental Mindoro","Other Infectious","2016-21"
"Oriental Mindoro","Other Infectious","2016-22"
"Oriental Mindoro","Other Infectious","2016-23"
"Oriental Mindoro","Other Infectious","2016-24"
"Oriental Mindoro","Other Infectious","2016-25"
"Oriental Mindoro","Other Infectious","2016-26"
"Oriental Mindoro","Other Infectious","2016-27"
"Oriental Mindoro","Other Infectious","2016-28"
"Oriental Mindoro","Other Infectious","2016-29"
"Oriental Mindoro","Other Infectious","2016-30"
"Oriental Mindoro","Other Infectious","2016-31"
"Oriental Mindoro","Other Infectious","2016-32"
"Ilocos Sur","Hypertension","2016-19"
"Ilocos Sur","Hypertension","2016-20"
"Ilocos Sur","Hypertension","2016-21"
"Ilocos Sur","Hypertension","2016-22"
"Ilocos Sur","Hypertension","2016-23"
"Ilocos Sur","Hypertension","2016-24"
"Ilocos Sur","Hypertension","2016-25"
"Ilocos Sur","Hypertension","2016-26"
"Ilocos Sur","Hypertension","2016-27"
"Ilocos Sur","Hypertension","2016-28"
"Ilocos Sur","Hypertension","2016-29"
"Ilocos Sur","Hypertension","2016-30"
"Ilocos Sur","Hypertension","2016-31"
"Ilocos Sur","Hypertension","2016-32"
"Ilocos Sur","Hypertension","2016-33"
"Ilocos Sur","Hypertension","2016-34"
"Ilocos Sur","Hypertension","2016-35"
"Ilocos Sur","Hypertension","2016-36"
"Ilocos Sur","Hypertension","2016-37"
"La Union","Hypertension","2016-19"
"La Union","Hypertension","2016-20"
"La Union","Hypertension","2016-21"
"La Union","Hypertension","2016-22"
"La Union","Hypertension","2016-23"
"La Union","Hypertension","2016-24"
"La Union","Hypertension","2016-25"
"La Union","Hypertension","2016-26"
"La Union","Hypertension","2016-27"
"La Union","Hypertension","2016-28"
"La Union","Hypertension","2016-29"
"La Union","Hypertension","2016-30"
"La Union","Hypertension","2016-31"
"La Union","Hypertension","2016-32"
"La Union","Hypertension","2016-33"
"La Union","Hypertension","2016-34"
"Pangasinan","Hypertension","2016-19"
"Pangasinan","Hypertension","2016-20"
"Pangasinan","Hypertension","2016-21"
"Pangasinan","Hypertension","2016-22"
"Pangasinan","Hypertension","2016-23"
"Pangasinan","Hypertension","2016-24"
"Pangasinan","Hypertension","2016-25"
"Pangasinan","Hypertension","2016-26"
"Pangasinan","Hypertension","2016-27"
"Pangasinan","Hypertension","2016-28"
"Pangasinan","Hypertension","2016-29"
"Pangasinan","Hypertension","2016-30"
"Pangasinan","Hypertension","2016-31"
"Pangasinan","Hypertension","2016-32"
"Pangasinan","Hypertension","2016-33"
"Pangasinan","Hypertension","2016-34"
"Pangasinan","Hypertension","2016-35"
"Pangasinan","Hypertension","2016-36"
"Pangasinan","Hypertension","2016-37"
"Pangasinan","Hypertension","2016-38"
"Pangasinan","Hypertension","2016-39"
"Pangasinan","Hypertension","2016-40"
"Pangasinan","Hypertension","2016-41"
"Pangasinan","Hypertension","2016-42"
"Pangasinan","Hypertension","2016-43"
"Pangasinan","Hypertension","2016-44"
"Pangasinan","Hypertension","2016-45"
"Pangasinan","Hypertension","2016-46"
"Pangasinan","Hypertension","2016-47"
"Bulacan","Hypertension","2016-19"
"Bulacan","Hypertension","2016-20"
"Bulacan","Hypertension","2016-21"
"Bulacan","Hypertension","2016-22"
"Bulacan","Hypertension","2016-23"
"Bulacan","Hypertension","2016-24"
"Bulacan","Hypertension","2016-25"
"Bulacan","Hypertension","2016-26"
"Bulacan","Hypertension","2016-27"
"Bulacan","Hypertension","2016-28"
"Bulacan","Hypertension","2016-29"
"Bulacan","Hypertension","2016-30"
"Bulacan","Hypertension","2016-31"
"Bulacan","Hypertension","2016-32"
"Bulacan","Hypertension","2016-33"
"Bulacan","Hypertension","2016-34"
"Bulacan","Hypertension","2016-35"
"Bulacan","Hypertension","2016-36"
"Bulacan","Hypertension","2016-37"
"Bulacan","Hypertension","2016-38"
"Bulacan","Hypertension","2016-39"
"Bulacan","Hypertension","2016-40"
"Bulacan","Hypertension","2016-41"
"Bulacan","Hypertension","2016-42"
"Bulacan","Hypertension","2016-43"
"Bulacan","Hypertension","2016-44"
"Bulacan","Hypertension","2016-45"
"Bulacan","Hypertension","2016-46"
"Bulacan","Hypertension","2016-47"
"Bulacan","Hypertension","2016-48"
"Bulacan","Hypertension","2016-49"
"Bulacan","Hypertension","2016-50"
"Bulacan","Hypertension","2016-51"
"Bulacan","Hypertension","2016-52"
"Bulacan","Hypertension","2017-01"
"Bulacan","Hypertension","2017-02"
"Nueva Ecija","Hypertension","2016-19"
"Nueva Ecija","Hypertension","2016-20"
"Nueva Ecija","Hypertension","2016-21"
"Nueva Ecija","Hypertension","2016-22"
"Nueva Ecija","Hypertension","2016-23"
"Nueva Ecija","Hypertension","2016-24"
"Nueva Ecija","Hypertension","2016-25"
"Nueva Ecija","Hypertension","2016-26"
"Nueva Ecija","Hypertension","2016-27"
"Pampanga","Hypertension","2016-19"
"Pampanga","Hypertension","2016-20"
"Pampanga","Hypertension","2016-21"
"Pampanga","Hypertension","2016-22"
"Pampanga","Hypertension","2016-23"
"Pampanga","Hypertension","2016-24"
"Pampanga","Hypertension","2016-25"
"Pampanga","Hypertension","2016-26"
"Pampanga","Hypertension","2016-27"
"Pampanga","Hypertension","2016-28"
"Pampanga","Hypertension","2016-29"
"Pampanga","Hypertension","2016-30"
"Pampanga","Hypertension","2016-31"
"Tarlac","Hypertension","2016-19"
"Tarlac","Hypertension","2016-20"
"Tarlac","Hypertension","2016-21"
"Tarlac","Hypertension","2016-22"
"Tarlac","Hypertension","2016-23"
"Tarlac","Hypertension","2016-24"
"Tarlac","Hypertension","2016-25"
"Tarlac","Hypertension","2016-26"
"Tarlac","Hypertension","2016-27"
"Tarlac","Hypertension","2016-28"
"Tarlac","Hypertension","2016-29"
"Tarlac","Hypertension","2016-30"
"Tarlac","Hypertension","2016-31"
"Tarlac","Hypertension","2016-32"
"Tarlac","Hypertension","2016-33"
"Tarlac","Hypertension","2016-34"
"Tarlac","Hypertension","2016-35"
"Tarlac","Hypertension","2016-36"
"Tarlac","Hypertension","2016-37"
"Tarlac","Hypertension","2016-38"
"Tarlac","Hypertension","2016-39"
"Tarlac","Hypertension","2016-40"
"Tarlac","Hypertension","2016-41"
"Tarlac","Hypertension","2016-42"
"Tarlac","Hypertension","2016-43"
"Tarlac","Hypertension","2016-44"
"Tarlac","Hypertension","2016-45"
"Tarlac","Hypertension","2016-46"
"Tarlac","Hypertension","2016-47"
"Tarlac","Hypertension","2016-48"
"Batangas","Hypertension","2016-27"
"Batangas","Hypertension","2016-28"
"Batangas","Hypertension","2016-29"
"Batangas","Hypertension","2016-30"
"Batangas","Hypertension","2016-31"
"Batangas","Hypertension","2016-32"
"Batangas","Hypertension","2016-33"
"Batangas","Hypertension","2016-34"
"Batangas","Hypertension","2016-35"
"Batangas","Hypertension","2016-36"
"Batangas","Hypertension","2016-37"
"Batangas","Hypertension","2016-38"
"Batangas","Hypertension","2016-39"
"Batangas","Hypertension","2016-40"
"Batangas","Hypertension","2016-41"
"Batangas","Hypertension","2016-42"
"Batangas","Hypertension","2016-43"
"Batangas","Hypertension","2016-44"
"Quezon","Hypertension","2016-19"
"Quezon","Hypertension","2016-20"
"Quezon","Hypertension","2016-21"
"Quezon","Hypertension","2016-22"
"Quezon","Hypertension","2016-23"
"Quezon","Hypertension","2016-24"
"Quezon","Hypertension","2016-25"
"Quezon","Hypertension","2016-26"
"Quezon","Hypertension","2016-27"
"Quezon","Hypertension","2016-28"
"Quezon","Hypertension","2016-29"
"Quezon","Hypertension","2016-30"
"Camarines Norte","Hypertension","2017-29"
"Camarines Sur","Hypertension","2016-31"
"Camarines Sur","Hypertension","2016-32"
"Camarines Sur","Hypertension","2016-33"
"Camarines Sur","Hypertension","2016-34"
"Camarines Sur","Hypertension","2016-35"
"Camarines Sur","Hypertension","2016-36"
"Camarines Sur","Hypertension","2016-37"
"Camarines Sur","Hypertension","2016-38"
"Camarines Sur","Hypertension","2016-39"
"Iloilo","Hypertension","2016-22"
"Iloilo","Hypertension","2016-29"
"Iloilo","Hypertension","2016-33"
"Iloilo","Hypertension","2016-34"
"Negros Occidental","Hypertension","2016-22"
"Negros Occidental","Hypertension","2016-30"
"Negros Occidental","Hypertension","2016-31"
"Negros Occidental","Hypertension","2016-32"
"Cebu","Hypertension","2016-19"
"Cebu","Hypertension","2016-20"
"Cebu","Hypertension","2016-21"
"Cebu","Hypertension","2016-22"
"Cebu","Hypertension","2016-23"
"Cebu","Hypertension","2016-24"
"Cebu","Hypertension","2016-25"
"Cebu","Hypertension","2016-26"
"Cebu","Hypertension","2016-27"
"Cebu","Hypertension","2016-28"
"Cebu","Hypertension","2016-29"
"Cebu","Hypertension","2016-30"
"Cebu","Hypertension","2016-31"
"Cebu","Hypertension","2016-32"
"Cebu","Hypertension","2016-33"
"Cebu","Hypertension","2016-34"
"Cebu","Hypertension","2016-35"
"Cebu","Hypertension","2016-36"
"Cebu","Hypertension","2016-37"
"Cebu","Hypertension","2016-38"
"Cebu","Hypertension","2016-39"
"Negros Oriental","Hypertension","2016-19"
"Negros Oriental","Hypertension","2016-20"
"Negros Oriental","Hypertension","2016-21"
"Negros Oriental","Hypertension","2016-22"
"Negros Oriental","Hypertension","2016-23"
"Negros Oriental","Hypertension","2016-24"
"Negros Oriental","Hypertension","2016-25"
"Negros Oriental","Hypertension","2016-26"
"Negros Oriental","Hypertension","2016-27"
"Negros Oriental","Hypertension","2016-28"
"Negros Oriental","Hypertension","2016-29"
"Negros Oriental","Hypertension","2016-30"
"Negros Oriental","Hypertension","2017-30"
"Negros Oriental","Hypertension","2017-31"
"Negros Oriental","Hypertension","2017-32"
"Negros Oriental","Hypertension","2017-33"
"Negros Oriental","Hypertension","2017-34"
"Negros Oriental","Hypertension","2017-35"
"Negros Oriental","Hypertension","2017-36"
"Negros Oriental","Hypertension","2017-37"
"Negros Oriental","Hypertension","2018-45"
"Negros Oriental","Hypertension","2018-46"
"Negros Oriental","Hypertension","2018-47"
"Negros Oriental","Hypertension","2018-48"
"Negros Oriental","Hypertension","2018-49"
"Negros Oriental","Hypertension","2018-50"
"Negros Oriental","Hypertension","2018-51"
"Negros Oriental","Hypertension","2018-52"
"Negros Oriental","Hypertension","2019-01"
"Southern Leyte","Hypertension","2017-37"
"Zamboanga del Norte","Hypertension","2016-19"
"Zamboanga del Norte","Hypertension","2016-20"
"Zamboanga del Norte","Hypertension","2016-21"
"Zamboanga del Norte","Hypertension","2016-22"
"Zamboanga del Norte","Hypertension","2016-23"
"Zamboanga del Norte","Hypertension","2016-24"
"Zamboanga del Norte","Hypertension","2016-25"
"Zamboanga del Norte","Hypertension","2016-26"
"Zamboanga del Norte","Hypertension","2016-27"
"Zamboanga del Norte","Hypertension","2016-28"
"Zamboanga del Norte","Hypertension","2016-29"
"Zamboanga del Norte","Hypertension","2016-30"
"Zamboanga del Norte","Hypertension","2016-31"
"Zamboanga del Norte","Hypertension","2016-32"
"Zamboanga del Norte","Hypertension","2016-33"
"Zamboanga del Norte","Hypertension","2016-34"
"Zamboanga del Norte","Hypertension","2016-35"
"Zamboanga del Norte","Hypertension","2016-36"
"Zamboanga del Norte","Hypertension","2016-37"
"Zamboanga del Sur","Hypertension","2016-27"
"Zamboanga del Sur","Hypertension","2016-28"
"Zamboanga del Sur","Hypertension","2016-30"
"Lanao del Norte","Hypertension","2016-23"
"Lanao del Norte","Hypertension","2016-24"
"Lanao del Norte","Hypertension","2016-25"
"Lanao del Norte","Hypertension","2016-26"
"Lanao del Norte","Hypertension","2016-27"
"Lanao del Norte","Hypertension","2016-28"
"Lanao del Norte","Hypertension","2016-29"
"Lanao del Norte","Hypertension","2016-30"
"Lanao del Norte","Hypertension","2016-31"
"Lanao del Norte","Hypertension","2016-32"
"Lanao del Norte","Hypertension","2016-33"
"Lanao del Norte","Hypertension","2016-34"
"Lanao del Norte","Hypertension","2016-35"
"Lanao del Norte","Hypertension","2016-36"
"Lanao del Norte","Hypertension","2016-37"
"Lanao del Norte","Hypertension","2016-38"
"Lanao del Norte","Hypertension","2016-39"
"Lanao del Norte","Hypertension","2016-40"
"Lanao del Norte","Hypertension","2016-41"
"Lanao del Norte","Hypertension","2016-42"
"Lanao del Norte","Hypertension","2016-43"
"Lanao del Norte","Hypertension","2016-44"
"Misamis Occidental","Hypertension","2016-19"
"Misamis Occidental","Hypertension","2016-20"
"Misamis Occidental","Hypertension","2016-21"
"Misamis Occidental","Hypertension","2016-22"
"Misamis Occidental","Hypertension","2016-23"
"Misamis Occidental","Hypertension","2016-24"
"Misamis Occidental","Hypertension","2016-25"
"Misamis Occidental","Hypertension","2016-26"
"Misamis Occidental","Hypertension","2016-27"
"Misamis Occidental","Hypertension","2016-28"
"Misamis Occidental","Hypertension","2016-29"
"Misamis Occidental","Hypertension","2016-30"
"Misamis Occidental","Hypertension","2016-31"
"Misamis Occidental","Hypertension","2016-32"
"Misamis Occidental","Hypertension","2016-33"
"Misamis Occidental","Hypertension","2016-34"
"Misamis Occidental","Hypertension","2016-35"
"Misamis Occidental","Hypertension","2016-36"
"Misamis Occidental","Hypertension","2016-37"
"Misamis Occidental","Hypertension","2016-38"
"Misamis Occidental","Hypertension","2016-39"
"Misamis Occidental","Hypertension","2016-40"
"Misamis Occidental","Hypertension","2016-41"
"Cotabato","Hypertension","2017-30"
"Cotabato","Hypertension","2017-31"
"Cotabato","Hypertension","2017-32"
"Cotabato","Hypertension","2017-33"
"Cotabato","Hypertension","2017-34"
"Cotabato","Hypertension","2017-35"
"Cotabato","Hypertension","2017-36"
"Cotabato","Hypertension","2017-37"
"Cotabato","Hypertension","2017-38"
"Cotabato","Hypertension","2017-39"
"Cotabato","Hypertension","2017-40"
"Cotabato","Hypertension","2017-41"
"Cotabato","Hypertension","2017-42"
"South Cotabato","Hypertension","2016-19"
"South Cotabato","Hypertension","2016-20"
"South Cotabato","Hypertension","2016-21"
"South Cotabato","Hypertension","2016-22"
"South Cotabato","Hypertension","2016-23"
"South Cotabato","Hypertension","2016-24"
"South Cotabato","Hypertension","2016-25"
"South Cotabato","Hypertension","2016-26"
"South Cotabato","Hypertension","2016-27"
"South Cotabato","Hypertension","2016-28"
"South Cotabato","Hypertension","2016-29"
"South Cotabato","Hypertension","2016-30"
"South Cotabato","Hypertension","2016-31"
"South Cotabato","Hypertension","2016-32"
"South Cotabato","Hypertension","2016-33"
"South Cotabato","Hypertension","2016-34"
"South Cotabato","Hypertension","2016-35"
"South Cotabato","Hypertension","2016-36"
"South Cotabato","Hypertension","2016-37"
"South Cotabato","Hypertension","2016-38"
"South Cotabato","Hypertension","2016-39"
"South Cotabato","Hypertension","2016-40"
"South Cotabato","Hypertension","2016-41"
"South Cotabato","Hypertension","2016-42"
"South Cotabato","Hypertension","2016-43"
"South Cotabato","Hypertension","2016-44"
"South Cotabato","Hypertension","2016-45"
"South Cotabato","Hypertension","2016-46"
"South Cotabato","Hypertension","2018-29"
"South Cotabato","Hypertension","2018-30"
"South Cotabato","Hypertension","2018-31"
"South Cotabato","Hypertension","2018-32"
"South Cotabato","Hypertension","2018-33"
"South Cotabato","Hypertension","2018-34"
"South Cotabato","Hypertension","2018-35"
"South Cotabato","Hypertension","2018-36"
"South Cotabato","Hypertension","2018-37"
"South Cotabato","Hypertension","2018-38"
"South Cotabato","Hypertension","2018-39"
"South Cotabato","Hypertension","2018-40"
"South Cotabato","Hypertension","2018-41"
"South Cotabato","Hypertension","2018-42"
"South Cotabato","Hypertension","2018-43"
"Sultan Kudarat","Hypertension","2016-42"
"Sultan Kudarat","Hypertension","2016-43"
"Sultan Kudarat","Hypertension","2016-44"
"Sultan Kudarat","Hypertension","2016-45"
"Sultan Kudarat","Hypertension","2016-46"
"Sultan Kudarat","Hypertension","2016-47"
"Sultan Kudarat","Hypertension","2016-48"
"Sultan Kudarat","Hypertension","2016-49"
"Sultan Kudarat","Hypertension","2016-50"
"Sultan Kudarat","Hypertension","2016-51"
"Sultan Kudarat","Hypertension","2016-52"
"Sultan Kudarat","Hypertension","2017-01"
"Sultan Kudarat","Hypertension","2017-02"
"Sarangani","Hypertension","2018-06"
"National Capital Region","Hypertension","2016-19"
"National Capital Region","Hypertension","2016-20"
"National Capital Region","Hypertension","2016-21"
"National Capital Region","Hypertension","2016-22"
"National Capital Region","Hypertension","2016-23"
"National Capital Region","Hypertension","2016-24"
"National Capital Region","Hypertension","2016-25"
"National Capital Region","Hypertension","2016-26"
"National Capital Region","Hypertension","2016-27"
"Benguet","Hypertension","2016-28"
"Benguet","Hypertension","2016-29"
"Benguet","Hypertension","2016-35"
"Benguet","Hypertension","2016-38"
"Benguet","Hypertension","2016-39"
"Benguet","Hypertension","2016-40"
"Surigao del Norte","Hypertension","2016-37"
"Surigao del Norte","Hypertension","2016-38"
"Surigao del Norte","Hypertension","2016-39"
"Surigao del Norte","Hypertension","2016-40"
"Surigao del Norte","Hypertension","2016-41"
"Surigao del Norte","Hypertension","2016-42"
"Surigao del Norte","Hypertension","2017-18"
"Surigao del Norte","Hypertension","2017-19"
"Surigao del Norte","Hypertension","2017-20"
"Surigao del Norte","Hypertension","2017-21"
"Surigao del Norte","Hypertension","2017-22"
"Ilocos Norte","Myocardial Infarction","2017-17"
"Ilocos Norte","Myocardial Infarction","2017-39"
"Ilocos Norte","Myocardial Infarction","2018-03"
"Ilocos Sur","Myocardial Infarction","2016-19"
"Ilocos Sur","Myocardial Infarction","2016-20"
"Ilocos Sur","Myocardial Infarction","2016-21"
"Ilocos Sur","Myocardial Infarction","2016-22"
"Ilocos Sur","Myocardial Infarction","2016-23"
"Ilocos Sur","Myocardial Infarction","2016-24"
"Ilocos Sur","Myocardial Infarction","2016-25"
"Ilocos Sur","Myocardial Infarction","2016-26"
"Ilocos Sur","Myocardial Infarction","2016-27"
"Ilocos Sur","Myocardial Infarction","2016-28"
"Ilocos Sur","Myocardial Infarction","2016-29"
"Ilocos Sur","Myocardial Infarction","2016-30"
"Ilocos Sur","Myocardial Infarction","2016-31"
"Ilocos Sur","Myocardial Infarction","2016-32"
"Ilocos Sur","Myocardial Infarction","2016-33"
"Ilocos Sur","Myocardial Infarction","2016-34"
"Ilocos Sur","Myocardial Infarction","2016-35"
"Ilocos Sur","Myocardial Infarction","2016-36"
"Ilocos Sur","Myocardial Infarction","2016-37"
"Ilocos Sur","Myocardial Infarction","2016-38"
"Ilocos Sur","Myocardial Infarction","2016-39"
"Ilocos Sur","Myocardial Infarction","2016-40"
"Ilocos Sur","Myocardial Infarction","2016-41"
"Ilocos Sur","Myocardial Infarction","2016-42"
"Ilocos Sur","Myocardial Infarction","2016-43"
"Ilocos Sur","Myocardial Infarction","2016-44"
"Ilocos Sur","Myocardial Infarction","2016-45"
"Ilocos Sur","Myocardial Infarction","2016-46"
"Ilocos Sur","Myocardial Infarction","2016-47"
"Ilocos Sur","Myocardial Infarction","2016-48"
"Ilocos Sur","Myocardial Infarction","2016-49"
"La Union","Myocardial Infarction","2016-33"
"La Union","Myocardial Infarction","2016-34"
"La Union","Myocardial Infarction","2016-35"
"La Union","Myocardial Infarction","2016-36"
"La Union","Myocardial Infarction","2016-37"
"La Union","Myocardial Infarction","2016-38"
"La Union","Myocardial Infarction","2016-39"
"La Union","Myocardial Infarction","2016-40"
"La Union","Myocardial Infarction","2016-41"
"La Union","Myocardial Infarction","2016-42"
"La Union","Myocardial Infarction","2016-43"
"La Union","Myocardial Infarction","2016-44"
"La Union","Myocardial Infarction","2016-45"
"La Union","Myocardial Infarction","2016-46"
"La Union","Myocardial Infarction","2016-47"
"La Union","Myocardial Infarction","2016-48"
"La Union","Myocardial Infarction","2016-49"
"La Union","Myocardial Infarction","2016-50"
"La Union","Myocardial Infarction","2016-51"
"La Union","Myocardial Infarction","2016-52"
"Pangasinan","Myocardial Infarction","2016-23"
"Pangasinan","Myocardial Infarction","2016-24"
"Pangasinan","Myocardial Infarction","2016-25"
"Pangasinan","Myocardial Infarction","2016-26"
"Pangasinan","Myocardial Infarction","2016-27"
"Pangasinan","Myocardial Infarction","2016-28"
"Pangasinan","Myocardial Infarction","2016-29"
"Pangasinan","Myocardial Infarction","2016-30"
"Pangasinan","Myocardial Infarction","2016-31"
"Pangasinan","Myocardial Infarction","2016-32"
"Pangasinan","Myocardial Infarction","2016-33"
"Pangasinan","Myocardial Infarction","2016-34"
"Pangasinan","Myocardial Infarction","2016-35"
"Pangasinan","Myocardial Infarction","2016-36"
"Pangasinan","Myocardial Infarction","2016-37"
"Pangasinan","Myocardial Infarction","2016-38"
"Pangasinan","Myocardial Infarction","2016-39"
"Pangasinan","Myocardial Infarction","2016-40"
"Pangasinan","Myocardial Infarction","2016-41"
"Pangasinan","Myocardial Infarction","2016-42"
"Pangasinan","Myocardial Infarction","2016-43"
"Pangasinan","Myocardial Infarction","2016-44"
"Pangasinan","Myocardial Infarction","2016-45"
"Pangasinan","Myocardial Infarction","2016-46"
"Pangasinan","Myocardial Infarction","2016-47"
"Cagayan","Myocardial Infarction","2016-25"
"Cagayan","Myocardial Infarction","2016-26"
"Cagayan","Myocardial Infarction","2016-27"
"Cagayan","Myocardial Infarction","2016-28"
"Cagayan","Myocardial Infarction","2016-29"
"Cagayan","Myocardial Infarction","2016-30"
"Cagayan","Myocardial Infarction","2016-31"
"Cagayan","Myocardial Infarction","2016-32"
"Cagayan","Myocardial Infarction","2016-33"
"Cagayan","Myocardial Infarction","2016-34"
"Cagayan","Myocardial Infarction","2016-35"
"Cagayan","Myocardial Infarction","2016-36"
"Cagayan","Myocardial Infarction","2016-37"
"Cagayan","Myocardial Infarction","2016-38"
"Cagayan","Myocardial Infarction","2016-39"
"Cagayan","Myocardial Infarction","2016-40"
"Cagayan","Myocardial Infarction","2016-41"
"Cagayan","Myocardial Infarction","2016-42"
"Cagayan","Myocardial Infarction","2016-43"
"Cagayan","Myocardial Infarction","2017-25"
"Cagayan","Myocardial Infarction","2017-26"
"Cagayan","Myocardial Infarction","2017-27"
"Cagayan","Myocardial Infarction","2017-28"
"Cagayan","Myocardial Infarction","2017-29"
"Cagayan","Myocardial Infarction","2017-30"
"Cagayan","Myocardial Infarction","2017-31"
"Cagayan","Myocardial Infarction","2017-32"
"Cagayan","Myocardial Infarction","2017-33"
"Cagayan","Myocardial Infarction","2017-34"
"Cagayan","Myocardial Infarction","2017-35"
"Cagayan","Myocardial Infarction","2017-36"
"Cagayan","Myocardial Infarction","2017-37"
"Cagayan","Myocardial Infarction","2017-38"
"Cagayan","Myocardial Infarction","2017-39"
"Cagayan","Myocardial Infarction","2017-40"
"Cagayan","Myocardial Infarction","2017-41"
"Cagayan","Myocardial Infarction","2017-42"
"Isabela","Myocardial Infarction","2017-14"
"Isabela","Myocardial Infarction","2017-15"
"Isabela","Myocardial Infarction","2017-16"
"Isabela","Myocardial Infarction","2017-17"
"Isabela","Myocardial Infarction","2017-18"
"Isabela","Myocardial Infarction","2017-19"
"Bataan","Myocardial Infarction","2016-25"
"Bataan","Myocardial Infarction","2016-26"
"Bataan","Myocardial Infarction","2016-27"
"Bataan","Myocardial Infarction","2016-28"
"Bataan","Myocardial Infarction","2016-29"
"Bataan","Myocardial Infarction","2016-30"
"Bataan","Myocardial Infarction","2016-31"
"Bataan","Myocardial Infarction","2016-32"
"Bataan","Myocardial Infarction","2016-33"
"Bataan","Myocardial Infarction","2016-34"
"Bulacan","Myocardial Infarction","2017-01"
"Bulacan","Myocardial Infarction","2017-02"
"Bulacan","Myocardial Infarction","2017-03"
"Bulacan","Myocardial Infarction","2017-04"
"Bulacan","Myocardial Infarction","2017-05"
"Bulacan","Myocardial Infarction","2017-06"
"Bulacan","Myocardial Infarction","2017-07"
"Bulacan","Myocardial Infarction","2017-08"
"Bulacan","Myocardial Infarction","2017-09"
"Bulacan","Myocardial Infarction","2017-10"
"Bulacan","Myocardial Infarction","2017-11"
"Bulacan","Myocardial Infarction","2017-12"
"Bulacan","Myocardial Infarction","2017-13"
"Bulacan","Myocardial Infarction","2017-14"
"Bulacan","Myocardial Infarction","2017-15"
"Bulacan","Myocardial Infarction","2017-16"
"Bulacan","Myocardial Infarction","2017-17"
"Bulacan","Myocardial Infarction","2017-18"
"Bulacan","Myocardial Infarction","2017-19"
"Bulacan","Myocardial Infarction","2017-20"
"Bulacan","Myocardial Infarction","2017-21"
"Bulacan","Myocardial Infarction","2017-22"
"Bulacan","Myocardial Infarction","2017-23"
"Bulacan","Myocardial Infarction","2017-24"
"Bulacan","Myocardial Infarction","2017-25"
"Bulacan","Myocardial Infarction","2017-26"
"Bulacan","Myocardial Infarction","2017-27"
"Bulacan","Myocardial Infarction","2017-28"
"Bulacan","Myocardial Infarction","2017-29"
"Bulacan","Myocardial Infarction","2017-30"
"Bulacan","Myocardial Infarction","2017-31"
"Bulacan","Myocardial Infarction","2017-32"
"Bulacan","Myocardial Infarction","2017-33"
"Bulacan","Myocardial Infarction","2017-34"
"Bulacan","Myocardial Infarction","2017-35"
"Bulacan","Myocardial Infarction","2017-36"
"Bulacan","Myocardial Infarction","2017-37"
"Bulacan","Myocardial Infarction","2017-38"
"Bulacan","Myocardial Infarction","2017-39"
"Bulacan","Myocardial Infarction","2018-11"
"Bulacan","Myocardial Infarction","2018-12"
"Bulacan","Myocardial Infarction","2018-13"
"Bulacan","Myocardial Infarction","2018-14"
"Bulacan","Myocardial Infarction","2018-15"
"Bulacan","Myocardial Infarction","2018-16"
"Bulacan","Myocardial Infarction","2018-17"
"Bulacan","Myocardial Infarction","2018-18"
"Bulacan","Myocardial Infarction","2018-19"
"Bulacan","Myocardial Infarction","2018-20"
"Bulacan","Myocardial Infarction","2018-21"
"Bulacan","Myocardial Infarction","2018-22"
"Bulacan","Myocardial Infarction","2018-23"
"Bulacan","Myocardial Infarction","2018-24"
"Bulacan","Myocardial Infarction","2018-25"
"Bulacan","Myocardial Infarction","2018-26"
"Bulacan","Myocardial Infarction","2018-27"
"Bulacan","Myocardial Infarction","2018-28"
"Bulacan","Myocardial Infarction","2018-29"
"Bulacan","Myocardial Infarction","2018-30"
"Bulacan","Myocardial Infarction","2018-31"
"Bulacan","Myocardial Infarction","2018-32"
"Bulacan","Myocardial Infarction","2018-33"
"Bulacan","Myocardial Infarction","2018-34"
"Bulacan","Myocardial Infarction","2018-35"
"Bulacan","Myocardial Infarction","2018-36"
"Bulacan","Myocardial Infarction","2018-37"
"Bulacan","Myocardial Infarction","2018-38"
"Bulacan","Myocardial Infarction","2018-39"
"Bulacan","Myocardial Infarction","2018-40"
"Bulacan","Myocardial Infarction","2018-41"
"Bulacan","Myocardial Infarction","2018-42"
"Bulacan","Myocardial Infarction","2018-43"
"Bulacan","Myocardial Infarction","2018-44"
"Bulacan","Myocardial Infarction","2018-45"
"Bulacan","Myocardial Infarction","2018-46"
"Bulacan","Myocardial Infarction","2018-47"
"Bulacan","Myocardial Infarction","2018-48"
"Bulacan","Myocardial Infarction","2018-49"
"Bulacan","Myocardial Infarction","2018-50"
"Bulacan","Myocardial Infarction","2018-51"
"Bulacan","Myocardial Infarction","2018-52"
"Bulacan","Myocardial Infarction","2019-01"
"Bulacan","Myocardial Infarction","2019-02"
"Bulacan","Myocardial Infarction","2019-03"
"Bulacan","Myocardial Infarction","2019-04"
"Bulacan","Myocardial Infarction","2019-05"
"Bulacan","Myocardial Infarction","2019-06"
"Bulacan","Myocardial Infarction","2019-07"
"Bulacan","Myocardial Infarction","2019-08"
"Bulacan","Myocardial Infarction","2019-09"
"Bulacan","Myocardial Infarction","2019-10"
"Nueva Ecija","Myocardial Infarction","2017-24"
"Nueva Ecija","Myocardial Infarction","2017-25"
"Nueva Ecija","Myocardial Infarction","2017-26"
"Nueva Ecija","Myocardial Infarction","2017-27"
"Nueva Ecija","Myocardial Infarction","2017-28"
"Nueva Ecija","Myocardial Infarction","2017-29"
"Nueva Ecija","Myocardial Infarction","2017-30"
"Nueva Ecija","Myocardial Infarction","2017-31"
"Nueva Ecija","Myocardial Infarction","2017-32"
"Nueva Ecija","Myocardial Infarction","2017-33"
"Nueva Ecija","Myocardial Infarction","2017-34"
"Nueva Ecija","Myocardial Infarction","2017-35"
"Nueva Ecija","Myocardial Infarction","2017-36"
"Nueva Ecija","Myocardial Infarction","2017-37"
"Nueva Ecija","Myocardial Infarction","2018-13"
"Nueva Ecija","Myocardial Infarction","2018-14"
"Nueva Ecija","Myocardial Infarction","2018-15"
"Nueva Ecija","Myocardial Infarction","2018-16"
"Nueva Ecija","Myocardial Infarction","2018-17"
"Nueva Ecija","Myocardial Infarction","2018-18"
"Nueva Ecija","Myocardial Infarction","2018-43"
"Nueva Ecija","Myocardial Infarction","2018-44"
"Nueva Ecija","Myocardial Infarction","2018-45"
"Nueva Ecija","Myocardial Infarction","2018-46"
"Nueva Ecija","Myocardial Infarction","2018-47"
"Nueva Ecija","Myocardial Infarction","2018-48"
"Nueva Ecija","Myocardial Infarction","2018-49"
"Nueva Ecija","Myocardial Infarction","2018-50"
"Nueva Ecija","Myocardial Infarction","2018-51"
"Nueva Ecija","Myocardial Infarction","2018-52"
"Nueva Ecija","Myocardial Infarction","2019-01"
"Nueva Ecija","Myocardial Infarction","2019-02"
"Nueva Ecija","Myocardial Infarction","2019-03"
"Nueva Ecija","Myocardial Infarction","2019-04"
"Nueva Ecija","Myocardial Infarction","2019-05"
"Nueva Ecija","Myocardial Infarction","2019-06"
"Nueva Ecija","Myocardial Infarction","2019-07"
"Nueva Ecija","Myocardial Infarction","2019-08"
"Nueva Ecija","Myocardial Infarction","2019-09"
"Nueva Ecija","Myocardial Infarction","2019-10"
"Nueva Ecija","Myocardial Infarction","2019-11"
"Nueva Ecija","Myocardial Infarction","2019-12"
"Nueva Ecija","Myocardial Infarction","2019-13"
"Nueva Ecija","Myocardial Infarction","2019-14"
"Nueva Ecija","Myocardial Infarction","2019-15"
"Nueva Ecija","Myocardial Infarction","2019-16"
"Nueva Ecija","Myocardial Infarction","2019-17"
"Nueva Ecija","Myocardial Infarction","2019-18"
"Nueva Ecija","Myocardial Infarction","2019-19"
"Nueva Ecija","Myocardial Infarction","2019-20"
"Nueva Ecija","Myocardial Infarction","2019-21"
"Nueva Ecija","Myocardial Infarction","2019-22"
"Nueva Ecija","Myocardial Infarction","2019-23"
"Nueva Ecija","Myocardial Infarction","2019-24"
"Nueva Ecija","Myocardial Infarction","2019-25"
"Nueva Ecija","Myocardial Infarction","2019-26"
"Nueva Ecija","Myocardial Infarction","2019-27"
"Nueva Ecija","Myocardial Infarction","2019-28"
"Nueva Ecija","Myocardial Infarction","2019-29"
"Nueva Ecija","Myocardial Infarction","2019-30"
"Nueva Ecija","Myocardial Infarction","2019-31"
"Nueva Ecija","Myocardial Infarction","2019-32"
"Nueva Ecija","Myocardial Infarction","2019-33"
"Nueva Ecija","Myocardial Infarction","2019-34"
"Nueva Ecija","Myocardial Infarction","2019-35"
"Nueva Ecija","Myocardial Infarction","2019-36"
"Nueva Ecija","Myocardial Infarction","2019-37"
"Nueva Ecija","Myocardial Infarction","2019-38"
"Nueva Ecija","Myocardial Infarction","2019-39"
"Pampanga","Myocardial Infarction","2016-19"
"Pampanga","Myocardial Infarction","2016-20"
"Pampanga","Myocardial Infarction","2016-21"
"Pampanga","Myocardial Infarction","2016-22"
"Pampanga","Myocardial Infarction","2016-23"
"Pampanga","Myocardial Infarction","2016-24"
"Pampanga","Myocardial Infarction","2016-25"
"Pampanga","Myocardial Infarction","2016-26"
"Pampanga","Myocardial Infarction","2016-27"
"Pampanga","Myocardial Infarction","2016-28"
"Pampanga","Myocardial Infarction","2016-29"
"Pampanga","Myocardial Infarction","2016-30"
"Pampanga","Myocardial Infarction","2016-31"
"Pampanga","Myocardial Infarction","2016-32"
"Pampanga","Myocardial Infarction","2016-33"
"Pampanga","Myocardial Infarction","2016-34"
"Pampanga","Myocardial Infarction","2016-35"
"Pampanga","Myocardial Infarction","2016-36"
"Pampanga","Myocardial Infarction","2016-37"
"Pampanga","Myocardial Infarction","2016-38"
"Pampanga","Myocardial Infarction","2016-39"
"Pampanga","Myocardial Infarction","2016-40"
"Pampanga","Myocardial Infarction","2016-41"
"Pampanga","Myocardial Infarction","2016-42"
"Pampanga","Myocardial Infarction","2016-43"
"Pampanga","Myocardial Infarction","2016-44"
"Pampanga","Myocardial Infarction","2016-45"
"Pampanga","Myocardial Infarction","2016-46"
"Pampanga","Myocardial Infarction","2016-47"
"Pampanga","Myocardial Infarction","2016-48"
"Pampanga","Myocardial Infarction","2016-49"
"Pampanga","Myocardial Infarction","2016-50"
"Pampanga","Myocardial Infarction","2016-51"
"Pampanga","Myocardial Infarction","2016-52"
"Pampanga","Myocardial Infarction","2017-01"
"Pampanga","Myocardial Infarction","2017-02"
"Pampanga","Myocardial Infarction","2017-03"
"Pampanga","Myocardial Infarction","2017-04"
"Pampanga","Myocardial Infarction","2017-05"
"Pampanga","Myocardial Infarction","2017-06"
"Pampanga","Myocardial Infarction","2017-07"
"Pampanga","Myocardial Infarction","2017-08"
"Pampanga","Myocardial Infarction","2017-09"
"Pampanga","Myocardial Infarction","2017-10"
"Pampanga","Myocardial Infarction","2018-26"
"Pampanga","Myocardial Infarction","2018-27"
"Pampanga","Myocardial Infarction","2019-09"
"Pampanga","Myocardial Infarction","2019-10"
"Pampanga","Myocardial Infarction","2019-11"
"Pampanga","Myocardial Infarction","2019-12"
"Tarlac","Myocardial Infarction","2016-19"
"Tarlac","Myocardial Infarction","2016-20"
"Tarlac","Myocardial Infarction","2016-21"
"Tarlac","Myocardial Infarction","2016-22"
"Tarlac","Myocardial Infarction","2016-23"
"Tarlac","Myocardial Infarction","2016-24"
"Tarlac","Myocardial Infarction","2016-25"
"Tarlac","Myocardial Infarction","2016-26"
"Tarlac","Myocardial Infarction","2016-27"
"Tarlac","Myocardial Infarction","2016-28"
"Tarlac","Myocardial Infarction","2016-29"
"Tarlac","Myocardial Infarction","2016-30"
"Tarlac","Myocardial Infarction","2016-31"
"Tarlac","Myocardial Infarction","2016-32"
"Tarlac","Myocardial Infarction","2016-33"
"Tarlac","Myocardial Infarction","2016-34"
"Tarlac","Myocardial Infarction","2016-35"
"Tarlac","Myocardial Infarction","2016-36"
"Tarlac","Myocardial Infarction","2016-37"
"Tarlac","Myocardial Infarction","2016-38"
"Tarlac","Myocardial Infarction","2016-39"
"Tarlac","Myocardial Infarction","2016-40"
"Tarlac","Myocardial Infarction","2016-41"
"Tarlac","Myocardial Infarction","2016-42"
"Tarlac","Myocardial Infarction","2016-43"
"Tarlac","Myocardial Infarction","2016-44"
"Tarlac","Myocardial Infarction","2016-45"
"Tarlac","Myocardial Infarction","2016-46"
"Tarlac","Myocardial Infarction","2016-47"
"Tarlac","Myocardial Infarction","2016-48"
"Tarlac","Myocardial Infarction","2016-49"
"Tarlac","Myocardial Infarction","2016-50"
"Tarlac","Myocardial Infarction","2016-51"
"Tarlac","Myocardial Infarction","2016-52"
"Tarlac","Myocardial Infarction","2017-01"
"Tarlac","Myocardial Infarction","2017-02"
"Tarlac","Myocardial Infarction","2017-03"
"Tarlac","Myocardial Infarction","2017-04"
"Tarlac","Myocardial Infarction","2017-05"
"Tarlac","Myocardial Infarction","2017-06"
"Tarlac","Myocardial Infarction","2017-07"
"Tarlac","Myocardial Infarction","2017-24"
"Tarlac","Myocardial Infarction","2017-25"
"Tarlac","Myocardial Infarction","2017-26"
"Tarlac","Myocardial Infarction","2017-27"
"Tarlac","Myocardial Infarction","2017-28"
"Tarlac","Myocardial Infarction","2017-29"
"Tarlac","Myocardial Infarction","2017-30"
"Tarlac","Myocardial Infarction","2017-31"
"Tarlac","Myocardial Infarction","2017-32"
"Tarlac","Myocardial Infarction","2017-33"
"Tarlac","Myocardial Infarction","2018-29"
"Tarlac","Myocardial Infarction","2018-30"
"Tarlac","Myocardial Infarction","2018-31"
"Tarlac","Myocardial Infarction","2018-32"
"Tarlac","Myocardial Infarction","2018-33"
"Tarlac","Myocardial Infarction","2018-34"
"Tarlac","Myocardial Infarction","2018-35"
"Tarlac","Myocardial Infarction","2018-36"
"Tarlac","Myocardial Infarction","2018-37"
"Tarlac","Myocardial Infarction","2018-38"
"Tarlac","Myocardial Infarction","2018-39"
"Tarlac","Myocardial Infarction","2018-40"
"Tarlac","Myocardial Infarction","2018-41"
"Tarlac","Myocardial Infarction","2018-42"
"Tarlac","Myocardial Infarction","2018-50"
"Tarlac","Myocardial Infarction","2018-51"
"Tarlac","Myocardial Infarction","2018-52"
"Tarlac","Myocardial Infarction","2019-01"
"Tarlac","Myocardial Infarction","2019-02"
"Tarlac","Myocardial Infarction","2019-03"
"Tarlac","Myocardial Infarction","2019-04"
"Tarlac","Myocardial Infarction","2019-05"
"Tarlac","Myocardial Infarction","2019-06"
"Tarlac","Myocardial Infarction","2019-07"
"Tarlac","Myocardial Infarction","2019-08"
"Tarlac","Myocardial Infarction","2019-09"
"Tarlac","Myocardial Infarction","2019-10"
"Tarlac","Myocardial Infarction","2019-11"
"Tarlac","Myocardial Infarction","2019-12"
"Tarlac","Myocardial Infarction","2019-13"
"Tarlac","Myocardial Infarction","2019-14"
"Tarlac","Myocardial Infarction","2019-15"
"Tarlac","Myocardial Infarction","2019-16"
"Tarlac","Myocardial Infarction","2019-17"
"Tarlac","Myocardial Infarction","2019-18"
"Zambales","Myocardial Infarction","2016-19"
"Zambales","Myocardial Infarction","2016-20"
"Zambales","Myocardial Infarction","2016-21"
"Zambales","Myocardial Infarction","2016-22"
"Zambales","Myocardial Infarction","2016-23"
"Zambales","Myocardial Infarction","2016-24"
"Zambales","Myocardial Infarction","2016-25"
"Zambales","Myocardial Infarction","2016-26"
"Zambales","Myocardial Infarction","2016-27"
"Zambales","Myocardial Infarction","2016-28"
"Zambales","Myocardial Infarction","2016-29"
"Zambales","Myocardial Infarction","2016-30"
"Zambales","Myocardial Infarction","2016-31"
"Zambales","Myocardial Infarction","2016-32"
"Zambales","Myocardial Infarction","2016-33"
"Zambales","Myocardial Infarction","2016-34"
"Zambales","Myocardial Infarction","2016-35"
"Zambales","Myocardial Infarction","2016-36"
"Zambales","Myocardial Infarction","2016-37"
"Zambales","Myocardial Infarction","2016-38"
"Zambales","Myocardial Infarction","2016-39"
"Zambales","Myocardial Infarction","2016-40"
"Zambales","Myocardial Infarction","2016-41"
"Zambales","Myocardial Infarction","2016-42"
"Zambales","Myocardial Infarction","2016-43"
"Zambales","Myocardial Infarction","2016-44"
"Zambales","Myocardial Infarction","2016-45"
"Zambales","Myocardial Infarction","2016-46"
"Zambales","Myocardial Infarction","2016-47"
"Zambales","Myocardial Infarction","2016-48"
"Zambales","Myocardial Infarction","2016-49"
"Zambales","Myocardial Infarction","2016-50"
"Zambales","Myocardial Infarction","2016-51"
"Cavite","Myocardial Infarction","2016-19"
"Cavite","Myocardial Infarction","2016-20"
"Cavite","Myocardial Infarction","2016-21"
"Cavite","Myocardial Infarction","2016-22"
"Cavite","Myocardial Infarction","2016-23"
"Cavite","Myocardial Infarction","2016-24"
"Cavite","Myocardial Infarction","2016-25"
"Cavite","Myocardial Infarction","2016-26"
"Cavite","Myocardial Infarction","2016-27"
"Cavite","Myocardial Infarction","2016-28"
"Cavite","Myocardial Infarction","2016-29"
"Cavite","Myocardial Infarction","2016-30"
"Cavite","Myocardial Infarction","2016-31"
"Cavite","Myocardial Infarction","2016-32"
"Cavite","Myocardial Infarction","2016-33"
"Cavite","Myocardial Infarction","2016-34"
"Cavite","Myocardial Infarction","2016-35"
"Cavite","Myocardial Infarction","2016-36"
"Cavite","Myocardial Infarction","2016-37"
"Cavite","Myocardial Infarction","2016-38"
"Cavite","Myocardial Infarction","2016-39"
"Cavite","Myocardial Infarction","2016-40"
"Cavite","Myocardial Infarction","2016-41"
"Cavite","Myocardial Infarction","2016-42"
"Cavite","Myocardial Infarction","2016-43"
"Cavite","Myocardial Infarction","2016-44"
"Laguna","Myocardial Infarction","2016-19"
"Laguna","Myocardial Infarction","2016-20"
"Laguna","Myocardial Infarction","2016-21"
"Laguna","Myocardial Infarction","2016-22"
"Laguna","Myocardial Infarction","2016-23"
"Laguna","Myocardial Infarction","2016-24"
"Laguna","Myocardial Infarction","2016-25"
"Laguna","Myocardial Infarction","2016-26"
"Laguna","Myocardial Infarction","2016-27"
"Laguna","Myocardial Infarction","2016-28"
"Laguna","Myocardial Infarction","2016-29"
"Laguna","Myocardial Infarction","2016-30"
"Laguna","Myocardial Infarction","2016-31"
"Laguna","Myocardial Infarction","2016-32"
"Laguna","Myocardial Infarction","2016-33"
"Laguna","Myocardial Infarction","2016-34"
"Laguna","Myocardial Infarction","2016-35"
"Laguna","Myocardial Infarction","2016-36"
"Laguna","Myocardial Infarction","2016-37"
"Laguna","Myocardial Infarction","2016-38"
"Laguna","Myocardial Infarction","2016-39"
"Laguna","Myocardial Infarction","2016-40"
"Laguna","Myocardial Infarction","2016-41"
"Laguna","Myocardial Infarction","2016-42"
"Laguna","Myocardial Infarction","2016-43"
"Laguna","Myocardial Infarction","2016-44"
"Laguna","Myocardial Infarction","2016-45"
"Laguna","Myocardial Infarction","2016-46"
"Laguna","Myocardial Infarction","2016-47"
"Laguna","Myocardial Infarction","2016-48"
"Laguna","Myocardial Infarction","2017-01"
"Laguna","Myocardial Infarction","2017-02"
"Laguna","Myocardial Infarction","2017-03"
"Laguna","Myocardial Infarction","2017-04"
"Laguna","Myocardial Infarction","2018-31"
"Laguna","Myocardial Infarction","2018-32"
"Laguna","Myocardial Infarction","2018-33"
"Laguna","Myocardial Infarction","2018-34"
"Laguna","Myocardial Infarction","2018-35"
"Laguna","Myocardial Infarction","2018-36"
"Laguna","Myocardial Infarction","2018-37"
"Laguna","Myocardial Infarction","2018-38"
"Laguna","Myocardial Infarction","2018-39"
"Laguna","Myocardial Infarction","2018-40"
"Laguna","Myocardial Infarction","2018-41"
"Laguna","Myocardial Infarction","2018-42"
"Laguna","Myocardial Infarction","2018-43"
"Laguna","Myocardial Infarction","2018-44"
"Laguna","Myocardial Infarction","2018-45"
"Laguna","Myocardial Infarction","2018-46"
"Laguna","Myocardial Infarction","2018-47"
"Laguna","Myocardial Infarction","2018-48"
"Laguna","Myocardial Infarction","2018-49"
"Laguna","Myocardial Infarction","2018-50"
"Quezon","Myocardial Infarction","2016-35"
"Quezon","Myocardial Infarction","2016-36"
"Quezon","Myocardial Infarction","2016-37"
"Quezon","Myocardial Infarction","2016-38"
"Quezon","Myocardial Infarction","2016-39"
"Quezon","Myocardial Infarction","2016-40"
"Quezon","Myocardial Infarction","2016-41"
"Quezon","Myocardial Infarction","2016-42"
"Quezon","Myocardial Infarction","2016-43"
"Rizal","Myocardial Infarction","2016-19"
"Rizal","Myocardial Infarction","2016-20"
"Rizal","Myocardial Infarction","2016-21"
"Rizal","Myocardial Infarction","2016-22"
"Rizal","Myocardial Infarction","2016-23"
"Rizal","Myocardial Infarction","2016-24"
"Rizal","Myocardial Infarction","2016-25"
"Rizal","Myocardial Infarction","2016-26"
"Rizal","Myocardial Infarction","2016-27"
"Rizal","Myocardial Infarction","2016-28"
"Rizal","Myocardial Infarction","2016-29"
"Rizal","Myocardial Infarction","2016-30"
"Rizal","Myocardial Infarction","2016-31"
"Rizal","Myocardial Infarction","2016-32"
"Rizal","Myocardial Infarction","2016-33"
"Rizal","Myocardial Infarction","2016-34"
"Rizal","Myocardial Infarction","2016-35"
"Rizal","Myocardial Infarction","2016-36"
"Rizal","Myocardial Infarction","2016-37"
"Rizal","Myocardial Infarction","2016-38"
"Rizal","Myocardial Infarction","2016-39"
"Rizal","Myocardial Infarction","2016-40"
"Rizal","Myocardial Infarction","2016-41"
"Rizal","Myocardial Infarction","2016-42"
"Rizal","Myocardial Infarction","2016-43"
"Rizal","Myocardial Infarction","2016-44"
"Rizal","Myocardial Infarction","2016-45"
"Rizal","Myocardial Infarction","2016-46"
"Rizal","Myocardial Infarction","2016-47"
"Rizal","Myocardial Infarction","2016-48"
"Rizal","Myocardial Infarction","2016-49"
"Rizal","Myocardial Infarction","2016-50"
"Rizal","Myocardial Infarction","2016-51"
"Rizal","Myocardial Infarction","2016-52"
"Rizal","Myocardial Infarction","2017-01"
"Rizal","Myocardial Infarction","2017-02"
"Rizal","Myocardial Infarction","2017-03"
"Rizal","Myocardial Infarction","2017-04"
"Rizal","Myocardial Infarction","2017-05"
"Rizal","Myocardial Infarction","2017-06"
"Rizal","Myocardial Infarction","2017-07"
"Rizal","Myocardial Infarction","2017-08"
"Rizal","Myocardial Infarction","2017-09"
"Rizal","Myocardial Infarction","2017-10"
"Rizal","Myocardial Infarction","2017-11"
"Rizal","Myocardial Infarction","2017-12"
"Rizal","Myocardial Infarction","2017-13"
"Rizal","Myocardial Infarction","2017-14"
"Rizal","Myocardial Infarction","2017-15"
"Rizal","Myocardial Infarction","2017-16"
"Rizal","Myocardial Infarction","2017-17"
"Rizal","Myocardial Infarction","2017-18"
"Rizal","Myocardial Infarction","2017-19"
"Rizal","Myocardial Infarction","2017-20"
"Rizal","Myocardial Infarction","2017-21"
"Rizal","Myocardial Infarction","2017-22"
"Rizal","Myocardial Infarction","2017-23"
"Rizal","Myocardial Infarction","2017-24"
"Rizal","Myocardial Infarction","2017-25"
"Rizal","Myocardial Infarction","2017-26"
"Rizal","Myocardial Infarction","2017-27"
"Rizal","Myocardial Infarction","2017-28"
"Rizal","Myocardial Infarction","2017-29"
"Rizal","Myocardial Infarction","2017-30"
"Rizal","Myocardial Infarction","2017-31"
"Rizal","Myocardial Infarction","2017-32"
"Rizal","Myocardial Infarction","2017-33"
"Rizal","Myocardial Infarction","2017-34"
"Rizal","Myocardial Infarction","2017-35"
"Rizal","Myocardial Infarction","2017-36"
"Rizal","Myocardial Infarction","2017-37"
"Rizal","Myocardial Infarction","2017-38"
"Rizal","Myocardial Infarction","2017-39"
"Rizal","Myocardial Infarction","2017-40"
"Rizal","Myocardial Infarction","2018-16"
"Rizal","Myocardial Infarction","2018-17"
"Rizal","Myocardial Infarction","2018-18"
"Rizal","Myocardial Infarction","2018-19"
"Rizal","Myocardial Infarction","2018-20"
"Rizal","Myocardial Infarction","2018-21"
"Rizal","Myocardial Infarction","2018-22"
"Rizal","Myocardial Infarction","2018-23"
"Rizal","Myocardial Infarction","2018-24"
"Rizal","Myocardial Infarction","2018-25"
"Rizal","Myocardial Infarction","2018-26"
"Rizal","Myocardial Infarction","2018-27"
"Rizal","Myocardial Infarction","2018-28"
"Rizal","Myocardial Infarction","2018-29"
"Rizal","Myocardial Infarction","2018-30"
"Rizal","Myocardial Infarction","2018-31"
"Rizal","Myocardial Infarction","2018-32"
"Rizal","Myocardial Infarction","2018-33"
"Rizal","Myocardial Infarction","2018-34"
"Rizal","Myocardial Infarction","2018-35"
"Rizal","Myocardial Infarction","2018-36"
"Rizal","Myocardial Infarction","2018-37"
"Rizal","Myocardial Infarction","2018-38"
"Rizal","Myocardial Infarction","2018-39"
"Rizal","Myocardial Infarction","2018-40"
"Rizal","Myocardial Infarction","2018-41"
"Albay","Myocardial Infarction","2017-05"
"Albay","Myocardial Infarction","2017-06"
"Albay","Myocardial Infarction","2017-07"
"Albay","Myocardial Infarction","2017-08"
"Albay","Myocardial Infarction","2017-09"
"Albay","Myocardial Infarction","2017-10"
"Albay","Myocardial Infarction","2017-11"
"Albay","Myocardial Infarction","2017-12"
"Albay","Myocardial Infarction","2017-13"
"Albay","Myocardial Infarction","2017-14"
"Albay","Myocardial Infarction","2017-15"
"Albay","Myocardial Infarction","2017-16"
"Albay","Myocardial Infarction","2017-17"
"Albay","Myocardial Infarction","2017-18"
"Albay","Myocardial Infarction","2017-19"
"Albay","Myocardial Infarction","2018-12"
"Albay","Myocardial Infarction","2018-13"
"Albay","Myocardial Infarction","2018-14"
"Albay","Myocardial Infarction","2018-15"
"Albay","Myocardial Infarction","2018-16"
"Albay","Myocardial Infarction","2018-17"
"Albay","Myocardial Infarction","2018-18"
"Albay","Myocardial Infarction","2018-19"
"Albay","Myocardial Infarction","2018-20"
"Albay","Myocardial Infarction","2018-21"
"Albay","Myocardial Infarction","2018-22"
"Albay","Myocardial Infarction","2018-23"
"Albay","Myocardial Infarction","2018-24"
"Albay","Myocardial Infarction","2018-25"
"Albay","Myocardial Infarction","2018-26"
"Albay","Myocardial Infarction","2018-27"
"Albay","Myocardial Infarction","2018-28"
"Albay","Myocardial Infarction","2018-29"
"Albay","Myocardial Infarction","2018-30"
"Albay","Myocardial Infarction","2018-31"
"Albay","Myocardial Infarction","2018-32"
"Albay","Myocardial Infarction","2018-33"
"Albay","Myocardial Infarction","2018-34"
"Albay","Myocardial Infarction","2018-35"
"Albay","Myocardial Infarction","2018-36"
"Albay","Myocardial Infarction","2018-37"
"Albay","Myocardial Infarction","2018-38"
"Albay","Myocardial Infarction","2018-39"
"Albay","Myocardial Infarction","2018-40"
"Albay","Myocardial Infarction","2018-41"
"Albay","Myocardial Infarction","2018-42"
"Albay","Myocardial Infarction","2018-43"
"Albay","Myocardial Infarction","2018-44"
"Albay","Myocardial Infarction","2018-45"
"Albay","Myocardial Infarction","2018-46"
"Albay","Myocardial Infarction","2018-47"
"Albay","Myocardial Infarction","2018-48"
"Albay","Myocardial Infarction","2018-49"
"Albay","Myocardial Infarction","2018-50"
"Albay","Myocardial Infarction","2018-51"
"Albay","Myocardial Infarction","2018-52"
"Albay","Myocardial Infarction","2019-01"
"Albay","Myocardial Infarction","2019-02"
"Albay","Myocardial Infarction","2019-03"
"Camarines Norte","Myocardial Infarction","2017-29"
"Camarines Sur","Myocardial Infarction","2016-31"
"Camarines Sur","Myocardial Infarction","2016-32"
"Camarines Sur","Myocardial Infarction","2016-33"
"Camarines Sur","Myocardial Infarction","2016-34"
"Camarines Sur","Myocardial Infarction","2016-35"
"Camarines Sur","Myocardial Infarction","2016-36"
"Camarines Sur","Myocardial Infarction","2016-37"
"Camarines Sur","Myocardial Infarction","2016-38"
"Camarines Sur","Myocardial Infarction","2016-39"
"Camarines Sur","Myocardial Infarction","2016-40"
"Camarines Sur","Myocardial Infarction","2016-41"
"Camarines Sur","Myocardial Infarction","2016-42"
"Camarines Sur","Myocardial Infarction","2016-43"
"Camarines Sur","Myocardial Infarction","2016-44"
"Camarines Sur","Myocardial Infarction","2016-45"
"Camarines Sur","Myocardial Infarction","2016-46"
"Camarines Sur","Myocardial Infarction","2019-29"
"Camarines Sur","Myocardial Infarction","2019-30"
"Camarines Sur","Myocardial Infarction","2019-31"
"Camarines Sur","Myocardial Infarction","2019-32"
"Camarines Sur","Myocardial Infarction","2019-33"
"Camarines Sur","Myocardial Infarction","2019-34"
"Aklan","Myocardial Infarction","2016-35"
"Antique","Myocardial Infarction","2016-47"
"Antique","Myocardial Infarction","2017-32"
"Negros Occidental","Myocardial Infarction","2016-22"
"Negros Occidental","Myocardial Infarction","2016-30"
"Negros Occidental","Myocardial Infarction","2016-31"
"Negros Occidental","Myocardial Infarction","2016-32"
"Negros Occidental","Myocardial Infarction","2016-51"
"Negros Occidental","Myocardial Infarction","2017-13"
"Negros Occidental","Myocardial Infarction","2017-33"
"Negros Occidental","Myocardial Infarction","2018-47"
"Negros Occidental","Myocardial Infarction","2019-05"
"Negros Occidental","Myocardial Infarction","2019-12"
"Negros Occidental","Myocardial Infarction","2019-17"
"Negros Occidental","Myocardial Infarction","2019-22"
"Negros Occidental","Myocardial Infarction","2019-50"
"Bohol","Myocardial Infarction","2016-37"
"Bohol","Myocardial Infarction","2016-38"
"Bohol","Myocardial Infarction","2016-39"
"Cebu","Myocardial Infarction","2016-19"
"Cebu","Myocardial Infarction","2016-20"
"Cebu","Myocardial Infarction","2016-21"
"Cebu","Myocardial Infarction","2016-22"
"Cebu","Myocardial Infarction","2016-23"
"Cebu","Myocardial Infarction","2016-24"
"Cebu","Myocardial Infarction","2016-25"
"Cebu","Myocardial Infarction","2016-26"
"Cebu","Myocardial Infarction","2016-27"
"Cebu","Myocardial Infarction","2016-28"
"Cebu","Myocardial Infarction","2016-29"
"Cebu","Myocardial Infarction","2016-30"
"Cebu","Myocardial Infarction","2016-31"
"Cebu","Myocardial Infarction","2016-32"
"Cebu","Myocardial Infarction","2016-33"
"Cebu","Myocardial Infarction","2016-34"
"Cebu","Myocardial Infarction","2016-35"
"Cebu","Myocardial Infarction","2016-36"
"Cebu","Myocardial Infarction","2016-37"
"Cebu","Myocardial Infarction","2016-38"
"Cebu","Myocardial Infarction","2016-39"
"Cebu","Myocardial Infarction","2016-40"
"Cebu","Myocardial Infarction","2016-41"
"Cebu","Myocardial Infarction","2016-42"
"Cebu","Myocardial Infarction","2016-43"
"Cebu","Myocardial Infarction","2016-44"
"Cebu","Myocardial Infarction","2016-45"
"Cebu","Myocardial Infarction","2016-46"
"Cebu","Myocardial Infarction","2016-47"
"Cebu","Myocardial Infarction","2016-48"
"Cebu","Myocardial Infarction","2016-49"
"Cebu","Myocardial Infarction","2016-50"
"Cebu","Myocardial Infarction","2016-51"
"Cebu","Myocardial Infarction","2018-24"
"Cebu","Myocardial Infarction","2018-25"
"Cebu","Myocardial Infarction","2018-26"
"Cebu","Myocardial Infarction","2018-27"
"Cebu","Myocardial Infarction","2018-28"
"Cebu","Myocardial Infarction","2018-29"
"Cebu","Myocardial Infarction","2018-30"
"Cebu","Myocardial Infarction","2018-31"
"Cebu","Myocardial Infarction","2018-32"
"Cebu","Myocardial Infarction","2018-33"
"Cebu","Myocardial Infarction","2018-34"
"Cebu","Myocardial Infarction","2018-35"
"Cebu","Myocardial Infarction","2018-36"
"Cebu","Myocardial Infarction","2018-37"
"Cebu","Myocardial Infarction","2018-38"
"Cebu","Myocardial Infarction","2018-39"
"Cebu","Myocardial Infarction","2018-40"
"Cebu","Myocardial Infarction","2018-41"
"Cebu","Myocardial Infarction","2018-42"
"Cebu","Myocardial Infarction","2018-43"
"Cebu","Myocardial Infarction","2018-44"
"Cebu","Myocardial Infarction","2018-45"
"Cebu","Myocardial Infarction","2018-46"
"Cebu","Myocardial Infarction","2018-47"
"Cebu","Myocardial Infarction","2018-48"
"Cebu","Myocardial Infarction","2018-49"
"Cebu","Myocardial Infarction","2018-50"
"Cebu","Myocardial Infarction","2018-51"
"Cebu","Myocardial Infarction","2018-52"
"Cebu","Myocardial Infarction","2019-01"
"Cebu","Myocardial Infarction","2019-02"
"Cebu","Myocardial Infarction","2019-03"
"Cebu","Myocardial Infarction","2019-04"
"Cebu","Myocardial Infarction","2019-05"
"Cebu","Myocardial Infarction","2019-06"
"Cebu","Myocardial Infarction","2019-07"
"Cebu","Myocardial Infarction","2019-08"
"Cebu","Myocardial Infarction","2019-09"
"Cebu","Myocardial Infarction","2019-10"
"Cebu","Myocardial Infarction","2019-11"
"Cebu","Myocardial Infarction","2019-12"
"Cebu","Myocardial Infarction","2019-13"
"Negros Oriental","Myocardial Infarction","2017-30"
"Negros Oriental","Myocardial Infarction","2017-31"
"Negros Oriental","Myocardial Infarction","2017-32"
"Negros Oriental","Myocardial Infarction","2017-33"
"Negros Oriental","Myocardial Infarction","2017-34"
"Negros Oriental","Myocardial Infarction","2017-35"
"Negros Oriental","Myocardial Infarction","2017-36"
"Negros Oriental","Myocardial Infarction","2017-37"
"Negros Oriental","Myocardial Infarction","2018-45"
"Negros Oriental","Myocardial Infarction","2018-46"
"Negros Oriental","Myocardial Infarction","2018-47"
"Negros Oriental","Myocardial Infarction","2018-48"
"Negros Oriental","Myocardial Infarction","2018-49"
"Negros Oriental","Myocardial Infarction","2018-50"
"Negros Oriental","Myocardial Infarction","2018-51"
"Negros Oriental","Myocardial Infarction","2018-52"
"Negros Oriental","Myocardial Infarction","2019-01"
"Negros Oriental","Myocardial Infarction","2019-02"
"Negros Oriental","Myocardial Infarction","2019-03"
"Negros Oriental","Myocardial Infarction","2019-04"
"Negros Oriental","Myocardial Infarction","2019-05"
"Negros Oriental","Myocardial Infarction","2019-06"
"Negros Oriental","Myocardial Infarction","2019-07"
"Negros Oriental","Myocardial Infarction","2019-08"
"Negros Oriental","Myocardial Infarction","2019-09"
"Negros Oriental","Myocardial Infarction","2019-10"
"Negros Oriental","Myocardial Infarction","2019-11"
"Negros Oriental","Myocardial Infarction","2019-12"
"Negros Oriental","Myocardial Infarction","2019-13"
"Negros Oriental","Myocardial Infarction","2019-14"
"Negros Oriental","Myocardial Infarction","2019-15"
"Negros Oriental","Myocardial Infarction","2019-16"
"Negros Oriental","Myocardial Infarction","2019-17"
"Negros Oriental","Myocardial Infarction","2019-18"
"Negros Oriental","Myocardial Infarction","2019-19"
"Negros Oriental","Myocardial Infarction","2019-20"
"Negros Oriental","Myocardial Infarction","2019-21"
"Negros Oriental","Myocardial Infarction","2019-22"
"Negros Oriental","Myocardial Infarction","2019-23"
"Negros Oriental","Myocardial Infarction","2019-24"
"Negros Oriental","Myocardial Infarction","2019-25"
"Negros Oriental","Myocardial Infarction","2019-26"
"Negros Oriental","Myocardial Infarction","2019-27"
"Negros Oriental","Myocardial Infarction","2019-28"
"Negros Oriental","Myocardial Infarction","2019-29"
"Negros Oriental","Myocardial Infarction","2019-30"
"Negros Oriental","Myocardial Infarction","2019-31"
"Negros Oriental","Myocardial Infarction","2019-32"
"Negros Oriental","Myocardial Infarction","2019-33"
"Southern Leyte","Myocardial Infarction","2017-37"
"Zamboanga del Norte","Myocardial Infarction","2016-37"
"Zamboanga del Norte","Myocardial Infarction","2016-38"
"Zamboanga del Norte","Myocardial Infarction","2016-39"
"Zamboanga del Norte","Myocardial Infarction","2016-40"
"Zamboanga del Norte","Myocardial Infarction","2016-41"
"Zamboanga del Norte","Myocardial Infarction","2016-42"
"Zamboanga del Norte","Myocardial Infarction","2016-43"
"Zamboanga del Norte","Myocardial Infarction","2016-44"
"Zamboanga del Norte","Myocardial Infarction","2016-45"
"Zamboanga del Norte","Myocardial Infarction","2016-46"
"Zamboanga del Sur","Myocardial Infarction","2016-27"
"Zamboanga del Sur","Myocardial Infarction","2016-28"
"Zamboanga del Sur","Myocardial Infarction","2016-30"
"Zamboanga del Sur","Myocardial Infarction","2016-44"
"Zamboanga del Sur","Myocardial Infarction","2017-15"
"Zamboanga del Sur","Myocardial Infarction","2018-33"
"Zamboanga del Sur","Myocardial Infarction","2019-16"
"Misamis Oriental","Myocardial Infarction","2016-19"
"Misamis Oriental","Myocardial Infarction","2016-20"
"Misamis Oriental","Myocardial Infarction","2016-21"
"Misamis Oriental","Myocardial Infarction","2016-22"
"Misamis Oriental","Myocardial Infarction","2016-23"
"Misamis Oriental","Myocardial Infarction","2016-24"
"Misamis Oriental","Myocardial Infarction","2016-25"
"Misamis Oriental","Myocardial Infarction","2016-26"
"Misamis Oriental","Myocardial Infarction","2016-27"
"Misamis Oriental","Myocardial Infarction","2016-28"
"Misamis Oriental","Myocardial Infarction","2016-29"
"Misamis Oriental","Myocardial Infarction","2016-30"
"Misamis Oriental","Myocardial Infarction","2016-31"
"Misamis Oriental","Myocardial Infarction","2018-35"
"Misamis Oriental","Myocardial Infarction","2018-36"
"Misamis Oriental","Myocardial Infarction","2018-37"
"Misamis Oriental","Myocardial Infarction","2018-38"
"Misamis Oriental","Myocardial Infarction","2018-39"
"Misamis Oriental","Myocardial Infarction","2018-40"
"Misamis Oriental","Myocardial Infarction","2018-41"
"Misamis Oriental","Myocardial Infarction","2018-42"
"Misamis Oriental","Myocardial Infarction","2018-43"
"Misamis Oriental","Myocardial Infarction","2018-44"
"Misamis Oriental","Myocardial Infarction","2018-45"
"Davao del Norte","Myocardial Infarction","2016-37"
"Davao del Norte","Myocardial Infarction","2016-38"
"Davao del Norte","Myocardial Infarction","2016-39"
"Davao del Norte","Myocardial Infarction","2016-40"
"Davao del Norte","Myocardial Infarction","2016-41"
"Davao del Norte","Myocardial Infarction","2016-42"
"Davao del Norte","Myocardial Infarction","2016-43"
"Davao del Norte","Myocardial Infarction","2016-44"
"Davao del Norte","Myocardial Infarction","2016-45"
"Davao del Norte","Myocardial Infarction","2016-46"
"Davao del Norte","Myocardial Infarction","2016-47"
"Davao del Norte","Myocardial Infarction","2016-48"
"Davao del Norte","Myocardial Infarction","2016-49"
"Davao del Norte","Myocardial Infarction","2016-50"
"Davao del Norte","Myocardial Infarction","2016-51"
"Davao del Norte","Myocardial Infarction","2016-52"
"Davao del Norte","Myocardial Infarction","2017-01"
"Davao del Norte","Myocardial Infarction","2017-02"
"Davao del Norte","Myocardial Infarction","2017-03"
"Davao del Norte","Myocardial Infarction","2017-04"
"Davao del Norte","Myocardial Infarction","2017-05"
"Davao del Norte","Myocardial Infarction","2017-06"
"Davao del Norte","Myocardial Infarction","2017-07"
"Davao del Norte","Myocardial Infarction","2017-08"
"Davao del Norte","Myocardial Infarction","2017-09"
"Davao del Norte","Myocardial Infarction","2017-10"
"Davao del Norte","Myocardial Infarction","2017-11"
"Davao del Norte","Myocardial Infarction","2017-12"
"Davao del Norte","Myocardial Infarction","2017-13"
"Davao del Norte","Myocardial Infarction","2017-14"
"Davao del Norte","Myocardial Infarction","2017-15"
"Davao del Norte","Myocardial Infarction","2017-16"
"Davao del Norte","Myocardial Infarction","2017-17"
"Davao del Norte","Myocardial Infarction","2017-18"
"Davao del Norte","Myocardial Infarction","2017-19"
"Davao del Norte","Myocardial Infarction","2017-20"
"Davao del Norte","Myocardial Infarction","2017-21"
"Davao del Norte","Myocardial Infarction","2017-22"
"Davao del Norte","Myocardial Infarction","2017-23"
"Davao del Norte","Myocardial Infarction","2017-24"
"Davao del Norte","Myocardial Infarction","2017-25"
"Davao del Norte","Myocardial Infarction","2017-26"
"Davao del Norte","Myocardial Infarction","2017-27"
"Davao del Norte","Myocardial Infarction","2017-28"
"Davao del Norte","Myocardial Infarction","2017-29"
"Davao del Norte","Myocardial Infarction","2017-30"
"Davao del Norte","Myocardial Infarction","2017-31"
"Davao del Norte","Myocardial Infarction","2017-32"
"Davao del Norte","Myocardial Infarction","2017-33"
"Davao del Norte","Myocardial Infarction","2017-34"
"Davao del Norte","Myocardial Infarction","2017-35"
"Davao del Norte","Myocardial Infarction","2017-36"
"Davao del Sur","Myocardial Infarction","2016-19"
"Davao del Sur","Myocardial Infarction","2016-20"
"Davao del Sur","Myocardial Infarction","2016-21"
"Davao del Sur","Myocardial Infarction","2016-22"
"Davao del Sur","Myocardial Infarction","2016-23"
"Davao del Sur","Myocardial Infarction","2016-24"
"Davao del Sur","Myocardial Infarction","2016-25"
"Davao del Sur","Myocardial Infarction","2016-26"
"Davao del Sur","Myocardial Infarction","2016-27"
"Davao del Sur","Myocardial Infarction","2016-28"
"Davao del Sur","Myocardial Infarction","2016-29"
"Davao del Sur","Myocardial Infarction","2016-30"
"Davao del Sur","Myocardial Infarction","2016-31"
"Davao del Sur","Myocardial Infarction","2016-32"
"Davao del Sur","Myocardial Infarction","2016-33"
"Davao del Sur","Myocardial Infarction","2016-34"
"Davao Oriental","Myocardial Infarction","2016-31"
"Davao Oriental","Myocardial Infarction","2016-32"
"Davao Oriental","Myocardial Infarction","2016-33"
"Davao Oriental","Myocardial Infarction","2016-34"
"Davao Oriental","Myocardial Infarction","2016-35"
"Davao Oriental","Myocardial Infarction","2016-36"
"Davao Oriental","Myocardial Infarction","2016-37"
"Davao Oriental","Myocardial Infarction","2016-38"
"Davao Oriental","Myocardial Infarction","2016-39"
"Davao Oriental","Myocardial Infarction","2016-40"
"Davao Oriental","Myocardial Infarction","2016-41"
"Davao Oriental","Myocardial Infarction","2016-42"
"Davao Oriental","Myocardial Infarction","2016-43"
"Davao Oriental","Myocardial Infarction","2016-44"
"Davao Oriental","Myocardial Infarction","2016-45"
"Davao Oriental","Myocardial Infarction","2016-46"
"Davao Oriental","Myocardial Infarction","2016-47"
"Davao Oriental","Myocardial Infarction","2016-48"
"Davao Oriental","Myocardial Infarction","2016-49"
"Davao Oriental","Myocardial Infarction","2016-50"
"Davao Oriental","Myocardial Infarction","2016-51"
"Davao Oriental","Myocardial Infarction","2016-52"
"Davao Oriental","Myocardial Infarction","2017-01"
"Davao Oriental","Myocardial Infarction","2017-02"
"Davao Oriental","Myocardial Infarction","2017-30"
"Davao Oriental","Myocardial Infarction","2017-31"
"Davao Oriental","Myocardial Infarction","2017-32"
"Davao Oriental","Myocardial Infarction","2017-33"
"Davao Oriental","Myocardial Infarction","2017-34"
"Davao Oriental","Myocardial Infarction","2017-35"
"Davao Oriental","Myocardial Infarction","2017-36"
"Davao Oriental","Myocardial Infarction","2017-37"
"Davao Oriental","Myocardial Infarction","2017-38"
"Davao Oriental","Myocardial Infarction","2017-39"
"Davao Oriental","Myocardial Infarction","2017-40"
"Davao Oriental","Myocardial Infarction","2017-41"
"Davao Oriental","Myocardial Infarction","2017-42"
"Davao Oriental","Myocardial Infarction","2017-43"
"Davao Oriental","Myocardial Infarction","2017-44"
"Davao Oriental","Myocardial Infarction","2017-45"
"Davao Oriental","Myocardial Infarction","2017-46"
"Davao Oriental","Myocardial Infarction","2017-47"
"Davao Oriental","Myocardial Infarction","2017-48"
"Davao Oriental","Myocardial Infarction","2017-49"
"Davao Oriental","Myocardial Infarction","2017-50"
"Davao Oriental","Myocardial Infarction","2017-51"
"Davao Oriental","Myocardial Infarction","2017-52"
"Davao Oriental","Myocardial Infarction","2018-01"
"Davao Oriental","Myocardial Infarction","2018-02"
"Davao Oriental","Myocardial Infarction","2018-03"
"Davao Oriental","Myocardial Infarction","2018-04"
"Davao Oriental","Myocardial Infarction","2018-05"
"Davao Oriental","Myocardial Infarction","2018-06"
"Davao Oriental","Myocardial Infarction","2018-07"
"Davao Oriental","Myocardial Infarction","2018-08"
"Davao Oriental","Myocardial Infarction","2018-09"
"Davao Oriental","Myocardial Infarction","2018-10"
"Compostela Valley","Myocardial Infarction","2016-19"
"Compostela Valley","Myocardial Infarction","2016-20"
"Compostela Valley","Myocardial Infarction","2016-21"
"Compostela Valley","Myocardial Infarction","2016-22"
"Compostela Valley","Myocardial Infarction","2016-23"
"Compostela Valley","Myocardial Infarction","2016-24"
"Compostela Valley","Myocardial Infarction","2016-25"
"Compostela Valley","Myocardial Infarction","2016-26"
"Compostela Valley","Myocardial Infarction","2016-27"
"Compostela Valley","Myocardial Infarction","2016-28"
"Compostela Valley","Myocardial Infarction","2016-29"
"Compostela Valley","Myocardial Infarction","2016-30"
"Compostela Valley","Myocardial Infarction","2016-31"
"Compostela Valley","Myocardial Infarction","2016-32"
"Compostela Valley","Myocardial Infarction","2016-33"
"Compostela Valley","Myocardial Infarction","2016-34"
"Compostela Valley","Myocardial Infarction","2016-35"
"Compostela Valley","Myocardial Infarction","2016-36"
"Compostela Valley","Myocardial Infarction","2016-37"
"Compostela Valley","Myocardial Infarction","2016-38"
"Compostela Valley","Myocardial Infarction","2016-39"
"Compostela Valley","Myocardial Infarction","2016-40"
"Compostela Valley","Myocardial Infarction","2016-41"
"Compostela Valley","Myocardial Infarction","2016-42"
"Compostela Valley","Myocardial Infarction","2016-43"
"Compostela Valley","Myocardial Infarction","2016-44"
"Compostela Valley","Myocardial Infarction","2016-45"
"Compostela Valley","Myocardial Infarction","2016-46"
"Compostela Valley","Myocardial Infarction","2017-14"
"Compostela Valley","Myocardial Infarction","2017-15"
"Compostela Valley","Myocardial Infarction","2017-16"
"Compostela Valley","Myocardial Infarction","2017-17"
"Compostela Valley","Myocardial Infarction","2017-18"
"Compostela Valley","Myocardial Infarction","2017-19"
"Compostela Valley","Myocardial Infarction","2017-20"
"Compostela Valley","Myocardial Infarction","2017-21"
"Compostela Valley","Myocardial Infarction","2017-22"
"Compostela Valley","Myocardial Infarction","2017-23"
"Compostela Valley","Myocardial Infarction","2017-24"
"Compostela Valley","Myocardial Infarction","2017-25"
"Compostela Valley","Myocardial Infarction","2017-26"
"Compostela Valley","Myocardial Infarction","2017-27"
"Compostela Valley","Myocardial Infarction","2017-28"
"Compostela Valley","Myocardial Infarction","2017-29"
"Compostela Valley","Myocardial Infarction","2017-30"
"Compostela Valley","Myocardial Infarction","2017-31"
"Compostela Valley","Myocardial Infarction","2017-32"
"Compostela Valley","Myocardial Infarction","2017-33"
"Compostela Valley","Myocardial Infarction","2017-34"
"Compostela Valley","Myocardial Infarction","2017-35"
"Compostela Valley","Myocardial Infarction","2017-36"
"Compostela Valley","Myocardial Infarction","2017-37"
"Compostela Valley","Myocardial Infarction","2017-38"
"Cotabato","Myocardial Infarction","2016-19"
"Cotabato","Myocardial Infarction","2016-20"
"Cotabato","Myocardial Infarction","2016-21"
"Cotabato","Myocardial Infarction","2016-22"
"Cotabato","Myocardial Infarction","2016-23"
"Cotabato","Myocardial Infarction","2016-24"
"Cotabato","Myocardial Infarction","2016-25"
"Cotabato","Myocardial Infarction","2016-26"
"Cotabato","Myocardial Infarction","2016-27"
"Cotabato","Myocardial Infarction","2016-28"
"Cotabato","Myocardial Infarction","2016-29"
"Cotabato","Myocardial Infarction","2016-30"
"Cotabato","Myocardial Infarction","2016-31"
"Cotabato","Myocardial Infarction","2016-32"
"Cotabato","Myocardial Infarction","2016-33"
"Cotabato","Myocardial Infarction","2016-34"
"Cotabato","Myocardial Infarction","2016-35"
"Cotabato","Myocardial Infarction","2016-36"
"Cotabato","Myocardial Infarction","2016-37"
"Cotabato","Myocardial Infarction","2016-38"
"Cotabato","Myocardial Infarction","2016-39"
"Cotabato","Myocardial Infarction","2016-40"
"Cotabato","Myocardial Infarction","2016-41"
"Cotabato","Myocardial Infarction","2016-42"
"Cotabato","Myocardial Infarction","2016-43"
"Cotabato","Myocardial Infarction","2016-44"
"Cotabato","Myocardial Infarction","2016-45"
"Cotabato","Myocardial Infarction","2016-46"
"Cotabato","Myocardial Infarction","2016-47"
"Cotabato","Myocardial Infarction","2016-48"
"Cotabato","Myocardial Infarction","2016-49"
"Cotabato","Myocardial Infarction","2016-50"
"Cotabato","Myocardial Infarction","2016-51"
"Cotabato","Myocardial Infarction","2016-52"
"Cotabato","Myocardial Infarction","2017-01"
"Cotabato","Myocardial Infarction","2017-02"
"Cotabato","Myocardial Infarction","2017-03"
"Cotabato","Myocardial Infarction","2017-04"
"Cotabato","Myocardial Infarction","2017-18"
"Cotabato","Myocardial Infarction","2017-19"
"Cotabato","Myocardial Infarction","2017-20"
"Cotabato","Myocardial Infarction","2017-21"
"Cotabato","Myocardial Infarction","2017-22"
"Cotabato","Myocardial Infarction","2017-23"
"Cotabato","Myocardial Infarction","2017-24"
"Cotabato","Myocardial Infarction","2017-25"
"Cotabato","Myocardial Infarction","2017-26"
"Cotabato","Myocardial Infarction","2017-27"
"Cotabato","Myocardial Infarction","2017-28"
"Cotabato","Myocardial Infarction","2017-29"
"Cotabato","Myocardial Infarction","2017-30"
"Cotabato","Myocardial Infarction","2017-31"
"Cotabato","Myocardial Infarction","2017-32"
"Cotabato","Myocardial Infarction","2017-33"
"Cotabato","Myocardial Infarction","2017-34"
"Cotabato","Myocardial Infarction","2017-35"
"Cotabato","Myocardial Infarction","2017-36"
"Cotabato","Myocardial Infarction","2017-37"
"Cotabato","Myocardial Infarction","2017-38"
"Cotabato","Myocardial Infarction","2017-39"
"Cotabato","Myocardial Infarction","2017-40"
"Cotabato","Myocardial Infarction","2017-41"
"Cotabato","Myocardial Infarction","2017-42"
"Cotabato","Myocardial Infarction","2017-43"
"Cotabato","Myocardial Infarction","2017-44"
"Cotabato","Myocardial Infarction","2017-45"
"Cotabato","Myocardial Infarction","2017-46"
"Cotabato","Myocardial Infarction","2017-47"
"Cotabato","Myocardial Infarction","2017-48"
"Cotabato","Myocardial Infarction","2017-49"
"Cotabato","Myocardial Infarction","2018-20"
"Cotabato","Myocardial Infarction","2018-21"
"Cotabato","Myocardial Infarction","2018-22"
"Cotabato","Myocardial Infarction","2018-23"
"Cotabato","Myocardial Infarction","2018-24"
"Cotabato","Myocardial Infarction","2018-25"
"Cotabato","Myocardial Infarction","2018-26"
"Cotabato","Myocardial Infarction","2018-27"
"Cotabato","Myocardial Infarction","2018-28"
"Cotabato","Myocardial Infarction","2018-29"
"Cotabato","Myocardial Infarction","2018-30"
"Cotabato","Myocardial Infarction","2018-31"
"Cotabato","Myocardial Infarction","2018-32"
"Cotabato","Myocardial Infarction","2018-33"
"Cotabato","Myocardial Infarction","2018-34"
"Cotabato","Myocardial Infarction","2018-35"
"Cotabato","Myocardial Infarction","2018-36"
"Cotabato","Myocardial Infarction","2018-37"
"Cotabato","Myocardial Infarction","2018-38"
"Cotabato","Myocardial Infarction","2018-39"
"Cotabato","Myocardial Infarction","2018-40"
"Cotabato","Myocardial Infarction","2018-41"
"Cotabato","Myocardial Infarction","2018-42"
"Cotabato","Myocardial Infarction","2018-43"
"Cotabato","Myocardial Infarction","2018-44"
"Cotabato","Myocardial Infarction","2018-45"
"Cotabato","Myocardial Infarction","2018-46"
"Cotabato","Myocardial Infarction","2018-47"
"Cotabato","Myocardial Infarction","2018-48"
"Cotabato","Myocardial Infarction","2018-49"
"South Cotabato","Myocardial Infarction","2018-29"
"South Cotabato","Myocardial Infarction","2018-30"
"Sultan Kudarat","Myocardial Infarction","2019-15"
"Sultan Kudarat","Myocardial Infarction","2019-16"
"Sultan Kudarat","Myocardial Infarction","2019-17"
"Sultan Kudarat","Myocardial Infarction","2019-18"
"Sultan Kudarat","Myocardial Infarction","2019-19"
"Sultan Kudarat","Myocardial Infarction","2019-20"
"Sultan Kudarat","Myocardial Infarction","2019-21"
"Sarangani","Myocardial Infarction","2018-06"
"Sarangani","Myocardial Infarction","2018-23"
"National Capital Region","Myocardial Infarction","2016-32"
"National Capital Region","Myocardial Infarction","2016-33"
"National Capital Region","Myocardial Infarction","2016-34"
"National Capital Region","Myocardial Infarction","2016-35"
"National Capital Region","Myocardial Infarction","2016-36"
"National Capital Region","Myocardial Infarction","2016-37"
"National Capital Region","Myocardial Infarction","2016-38"
"National Capital Region","Myocardial Infarction","2016-39"
"National Capital Region","Myocardial Infarction","2016-40"
"National Capital Region","Myocardial Infarction","2016-41"
"National Capital Region","Myocardial Infarction","2016-42"
"National Capital Region","Myocardial Infarction","2016-43"
"National Capital Region","Myocardial Infarction","2016-44"
"National Capital Region","Myocardial Infarction","2016-45"
"National Capital Region","Myocardial Infarction","2016-46"
"National Capital Region","Myocardial Infarction","2016-47"
"National Capital Region","Myocardial Infarction","2016-48"
"National Capital Region","Myocardial Infarction","2016-49"
"National Capital Region","Myocardial Infarction","2016-50"
"National Capital Region","Myocardial Infarction","2016-51"
"National Capital Region","Myocardial Infarction","2016-52"
"National Capital Region","Myocardial Infarction","2017-01"
"National Capital Region","Myocardial Infarction","2017-02"
"National Capital Region","Myocardial Infarction","2017-03"
"National Capital Region","Myocardial Infarction","2017-04"
"National Capital Region","Myocardial Infarction","2017-05"
"National Capital Region","Myocardial Infarction","2017-06"
"National Capital Region","Myocardial Infarction","2017-07"
"National Capital Region","Myocardial Infarction","2017-08"
"National Capital Region","Myocardial Infarction","2017-09"
"National Capital Region","Myocardial Infarction","2017-10"
"National Capital Region","Myocardial Infarction","2017-11"
"National Capital Region","Myocardial Infarction","2017-12"
"National Capital Region","Myocardial Infarction","2017-13"
"National Capital Region","Myocardial Infarction","2017-14"
"National Capital Region","Myocardial Infarction","2017-15"
"National Capital Region","Myocardial Infarction","2017-16"
"National Capital Region","Myocardial Infarction","2017-17"
"National Capital Region","Myocardial Infarction","2017-18"
"National Capital Region","Myocardial Infarction","2017-19"
"National Capital Region","Myocardial Infarction","2017-20"
"National Capital Region","Myocardial Infarction","2017-21"
"National Capital Region","Myocardial Infarction","2017-22"
"National Capital Region","Myocardial Infarction","2017-23"
"National Capital Region","Myocardial Infarction","2017-24"
"National Capital Region","Myocardial Infarction","2017-25"
"National Capital Region","Myocardial Infarction","2017-26"
"National Capital Region","Myocardial Infarction","2017-27"
"National Capital Region","Myocardial Infarction","2017-28"
"National Capital Region","Myocardial Infarction","2017-29"
"National Capital Region","Myocardial Infarction","2017-30"
"National Capital Region","Myocardial Infarction","2017-31"
"National Capital Region","Myocardial Infarction","2017-32"
"National Capital Region","Myocardial Infarction","2017-33"
"National Capital Region","Myocardial Infarction","2017-34"
"National Capital Region","Myocardial Infarction","2017-35"
"National Capital Region","Myocardial Infarction","2017-36"
"National Capital Region","Myocardial Infarction","2017-37"
"National Capital Region","Myocardial Infarction","2017-38"
"National Capital Region","Myocardial Infarction","2017-39"
"National Capital Region","Myocardial Infarction","2017-40"
"National Capital Region","Myocardial Infarction","2017-41"
"Abra","Myocardial Infarction","2019-28"
"Benguet","Myocardial Infarction","2018-35"
"Agusan del Sur","Myocardial Infarction","2016-42"
"Agusan del Sur","Myocardial Infarction","2016-43"
"Agusan del Sur","Myocardial Infarction","2016-44"
"Agusan del Sur","Myocardial Infarction","2016-45"
"Agusan del Sur","Myocardial Infarction","2016-46"
"Agusan del Sur","Myocardial Infarction","2016-47"
"Agusan del Sur","Myocardial Infarction","2016-48"
"Agusan del Sur","Myocardial Infarction","2016-49"
"Surigao del Norte","Myocardial Infarction","2016-47"
"Surigao del Norte","Myocardial Infarction","2016-48"
"Surigao del Norte","Myocardial Infarction","2016-49"
"Surigao del Norte","Myocardial Infarction","2016-50"
"Surigao del Norte","Myocardial Infarction","2016-51"
"Surigao del Norte","Myocardial Infarction","2016-52"
"Surigao del Norte","Myocardial Infarction","2017-01"
"Surigao del Norte","Myocardial Infarction","2017-02"
"Surigao del Norte","Myocardial Infarction","2017-03"
"Surigao del Norte","Myocardial Infarction","2017-04"
"Surigao del Norte","Myocardial Infarction","2017-05"
"Surigao del Norte","Myocardial Infarction","2017-06"
"Surigao del Norte","Myocardial Infarction","2017-07"
"Surigao del Norte","Myocardial Infarction","2017-08"
"Surigao del Norte","Myocardial Infarction","2017-09"
"Surigao del Norte","Myocardial Infarction","2017-10"
"Surigao del Norte","Myocardial Infarction","2017-11"
"Surigao del Norte","Myocardial Infarction","2017-12"
"Surigao del Norte","Myocardial Infarction","2017-13"
"Surigao del Norte","Myocardial Infarction","2017-14"
"Surigao del Norte","Myocardial Infarction","2017-15"
"Surigao del Norte","Myocardial Infarction","2017-16"
"Surigao del Norte","Myocardial Infarction","2017-17"
"Surigao del Norte","Myocardial Infarction","2017-18"
"Surigao del Norte","Myocardial Infarction","2017-19"
"Surigao del Norte","Myocardial Infarction","2017-20"
"Surigao del Norte","Myocardial Infarction","2017-21"
"Surigao del Norte","Myocardial Infarction","2017-22"
"Oriental Mindoro","Myocardial Infarction","2016-30"
"Oriental Mindoro","Myocardial Infarction","2016-31"
"Oriental Mindoro","Myocardial Infarction","2016-32"
"Ilocos Norte","Cerebrovascular Accident","2018-03"
"Nueva Vizcaya","Cerebrovascular Accident","2016-41"
"Nueva Vizcaya","Cerebrovascular Accident","2016-50"
"Nueva Ecija","Cerebrovascular Accident","2018-44"
"Nueva Ecija","Cerebrovascular Accident","2018-45"
"Nueva Ecija","Cerebrovascular Accident","2018-46"
"Rizal","Cerebrovascular Accident","2018-16"
"Rizal","Cerebrovascular Accident","2018-17"
"Rizal","Cerebrovascular Accident","2018-18"
"Rizal","Cerebrovascular Accident","2018-19"
"Rizal","Cerebrovascular Accident","2018-20"
"Rizal","Cerebrovascular Accident","2018-21"
"Rizal","Cerebrovascular Accident","2018-22"
"Rizal","Cerebrovascular Accident","2018-23"
"Rizal","Cerebrovascular Accident","2018-24"
"Albay","Cerebrovascular Accident","2016-19"
"Albay","Cerebrovascular Accident","2016-20"
"Albay","Cerebrovascular Accident","2016-21"
"Albay","Cerebrovascular Accident","2016-22"
"Albay","Cerebrovascular Accident","2016-23"
"Albay","Cerebrovascular Accident","2016-24"
"Albay","Cerebrovascular Accident","2016-25"
"Albay","Cerebrovascular Accident","2016-26"
"Albay","Cerebrovascular Accident","2016-27"
"Albay","Cerebrovascular Accident","2016-28"
"Albay","Cerebrovascular Accident","2016-29"
"Albay","Cerebrovascular Accident","2016-30"
"Albay","Cerebrovascular Accident","2016-31"
"Albay","Cerebrovascular Accident","2016-32"
"Albay","Cerebrovascular Accident","2016-33"
"Albay","Cerebrovascular Accident","2016-34"
"Albay","Cerebrovascular Accident","2016-35"
"Albay","Cerebrovascular Accident","2016-36"
"Albay","Cerebrovascular Accident","2016-37"
"Albay","Cerebrovascular Accident","2016-38"
"Albay","Cerebrovascular Accident","2016-39"
"Albay","Cerebrovascular Accident","2016-40"
"Albay","Cerebrovascular Accident","2016-41"
"Albay","Cerebrovascular Accident","2016-42"
"Albay","Cerebrovascular Accident","2016-43"
"Albay","Cerebrovascular Accident","2016-44"
"Albay","Cerebrovascular Accident","2016-45"
"Albay","Cerebrovascular Accident","2016-46"
"Albay","Cerebrovascular Accident","2016-47"
"Albay","Cerebrovascular Accident","2016-48"
"Albay","Cerebrovascular Accident","2016-49"
"Albay","Cerebrovascular Accident","2016-50"
"Albay","Cerebrovascular Accident","2016-51"
"Albay","Cerebrovascular Accident","2016-52"
"Albay","Cerebrovascular Accident","2017-01"
"Albay","Cerebrovascular Accident","2017-02"
"Albay","Cerebrovascular Accident","2017-03"
"Albay","Cerebrovascular Accident","2017-04"
"Albay","Cerebrovascular Accident","2017-05"
"Albay","Cerebrovascular Accident","2017-06"
"Albay","Cerebrovascular Accident","2017-07"
"Albay","Cerebrovascular Accident","2017-08"
"Albay","Cerebrovascular Accident","2017-09"
"Albay","Cerebrovascular Accident","2017-10"
"Albay","Cerebrovascular Accident","2017-11"
"Albay","Cerebrovascular Accident","2017-12"
"Albay","Cerebrovascular Accident","2017-13"
"Albay","Cerebrovascular Accident","2017-14"
"Albay","Cerebrovascular Accident","2017-15"
"Albay","Cerebrovascular Accident","2017-16"
"Albay","Cerebrovascular Accident","2017-17"
"Albay","Cerebrovascular Accident","2017-18"
"Albay","Cerebrovascular Accident","2017-19"
"Albay","Cerebrovascular Accident","2018-12"
"Albay","Cerebrovascular Accident","2018-13"
"Albay","Cerebrovascular Accident","2018-14"
"Albay","Cerebrovascular Accident","2018-15"
"Albay","Cerebrovascular Accident","2018-16"
"Albay","Cerebrovascular Accident","2018-17"
"Albay","Cerebrovascular Accident","2018-18"
"Albay","Cerebrovascular Accident","2018-19"
"Albay","Cerebrovascular Accident","2018-20"
"Albay","Cerebrovascular Accident","2018-21"
"Albay","Cerebrovascular Accident","2018-37"
"Albay","Cerebrovascular Accident","2018-38"
"Albay","Cerebrovascular Accident","2018-39"
"Albay","Cerebrovascular Accident","2018-40"
"Albay","Cerebrovascular Accident","2018-41"
"Albay","Cerebrovascular Accident","2018-42"
"Albay","Cerebrovascular Accident","2018-43"
"Albay","Cerebrovascular Accident","2018-44"
"Albay","Cerebrovascular Accident","2018-45"
"Albay","Cerebrovascular Accident","2018-46"
"Albay","Cerebrovascular Accident","2018-47"
"Camarines Sur","Cerebrovascular Accident","2019-29"
"Camarines Sur","Cerebrovascular Accident","2019-30"
"Camarines Sur","Cerebrovascular Accident","2019-31"
"Camarines Sur","Cerebrovascular Accident","2019-32"
"Camarines Sur","Cerebrovascular Accident","2019-33"
"Camarines Sur","Cerebrovascular Accident","2019-34"
"Masbate","Cerebrovascular Accident","2016-31"
"Masbate","Cerebrovascular Accident","2016-32"
"Antique","Cerebrovascular Accident","2017-32"
"Iloilo","Cerebrovascular Accident","2019-12"
"Negros Occidental","Cerebrovascular Accident","2018-47"
"Negros Occidental","Cerebrovascular Accident","2019-05"
"Negros Occidental","Cerebrovascular Accident","2019-12"
"Negros Occidental","Cerebrovascular Accident","2019-17"
"Negros Occidental","Cerebrovascular Accident","2019-22"
"Zamboanga del Norte","Cerebrovascular Accident","2016-35"
"Zamboanga del Norte","Cerebrovascular Accident","2016-36"
"Zamboanga del Norte","Cerebrovascular Accident","2016-37"
"Zamboanga del Norte","Cerebrovascular Accident","2016-38"
"Zamboanga del Norte","Cerebrovascular Accident","2016-39"
"Zamboanga del Norte","Cerebrovascular Accident","2016-40"
"Zamboanga del Norte","Cerebrovascular Accident","2016-41"
"Zamboanga del Norte","Cerebrovascular Accident","2016-42"
"Zamboanga del Norte","Cerebrovascular Accident","2016-43"
"Zamboanga del Norte","Cerebrovascular Accident","2016-44"
"Zamboanga del Norte","Cerebrovascular Accident","2016-45"
"Zamboanga del Norte","Cerebrovascular Accident","2016-46"
"Zamboanga del Sur","Cerebrovascular Accident","2018-33"
"Zamboanga del Sur","Cerebrovascular Accident","2019-16"
"Lanao del Norte","Cerebrovascular Accident","2016-19"
"Lanao del Norte","Cerebrovascular Accident","2016-20"
"Lanao del Norte","Cerebrovascular Accident","2016-21"
"Lanao del Norte","Cerebrovascular Accident","2016-22"
"Lanao del Norte","Cerebrovascular Accident","2016-23"
"Lanao del Norte","Cerebrovascular Accident","2016-24"
"Lanao del Norte","Cerebrovascular Accident","2016-25"
"Lanao del Norte","Cerebrovascular Accident","2016-26"
"Lanao del Norte","Cerebrovascular Accident","2016-27"
"Lanao del Norte","Cerebrovascular Accident","2016-28"
"Lanao del Norte","Cerebrovascular Accident","2016-29"
"Lanao del Norte","Cerebrovascular Accident","2016-30"
"Misamis Oriental","Cerebrovascular Accident","2016-19"
"Misamis Oriental","Cerebrovascular Accident","2016-20"
"Misamis Oriental","Cerebrovascular Accident","2016-21"
"Misamis Oriental","Cerebrovascular Accident","2016-22"
"Misamis Oriental","Cerebrovascular Accident","2016-23"
"Misamis Oriental","Cerebrovascular Accident","2016-24"
"Misamis Oriental","Cerebrovascular Accident","2016-25"
"Misamis Oriental","Cerebrovascular Accident","2016-26"
"Misamis Oriental","Cerebrovascular Accident","2016-27"
"Misamis Oriental","Cerebrovascular Accident","2016-28"
"Misamis Oriental","Cerebrovascular Accident","2016-29"
"Misamis Oriental","Cerebrovascular Accident","2016-30"
"Misamis Oriental","Cerebrovascular Accident","2016-31"
"Misamis Oriental","Cerebrovascular Accident","2018-35"
"Misamis Oriental","Cerebrovascular Accident","2018-36"
"Misamis Oriental","Cerebrovascular Accident","2018-37"
"Misamis Oriental","Cerebrovascular Accident","2018-38"
"Misamis Oriental","Cerebrovascular Accident","2018-39"
"Misamis Oriental","Cerebrovascular Accident","2018-40"
"Misamis Oriental","Cerebrovascular Accident","2018-41"
"Misamis Oriental","Cerebrovascular Accident","2018-42"
"Misamis Oriental","Cerebrovascular Accident","2018-43"
"Misamis Oriental","Cerebrovascular Accident","2018-44"
"Misamis Oriental","Cerebrovascular Accident","2018-45"
"Davao del Norte","Cerebrovascular Accident","2016-19"
"Davao del Norte","Cerebrovascular Accident","2016-20"
"Davao del Norte","Cerebrovascular Accident","2016-21"
"Davao del Norte","Cerebrovascular Accident","2016-22"
"Davao del Norte","Cerebrovascular Accident","2016-23"
"Davao del Norte","Cerebrovascular Accident","2016-24"
"Davao del Norte","Cerebrovascular Accident","2016-25"
"Davao del Norte","Cerebrovascular Accident","2016-26"
"Davao del Norte","Cerebrovascular Accident","2016-27"
"Davao del Norte","Cerebrovascular Accident","2016-28"
"Davao del Norte","Cerebrovascular Accident","2016-29"
"Davao del Norte","Cerebrovascular Accident","2016-30"
"Davao del Norte","Cerebrovascular Accident","2016-31"
"Davao del Norte","Cerebrovascular Accident","2016-32"
"Davao del Norte","Cerebrovascular Accident","2016-33"
"Davao del Norte","Cerebrovascular Accident","2016-34"
"Davao del Norte","Cerebrovascular Accident","2016-35"
"Davao del Norte","Cerebrovascular Accident","2016-36"
"Davao del Norte","Cerebrovascular Accident","2016-37"
"Davao del Norte","Cerebrovascular Accident","2016-38"
"Davao del Norte","Cerebrovascular Accident","2016-39"
"Davao del Norte","Cerebrovascular Accident","2016-40"
"Davao del Norte","Cerebrovascular Accident","2016-41"
"Davao del Norte","Cerebrovascular Accident","2016-42"
"Davao del Norte","Cerebrovascular Accident","2016-43"
"Davao del Norte","Cerebrovascular Accident","2016-44"
"Davao del Norte","Cerebrovascular Accident","2016-45"
"Davao del Norte","Cerebrovascular Accident","2016-46"
"Davao del Norte","Cerebrovascular Accident","2016-47"
"Davao del Norte","Cerebrovascular Accident","2016-48"
"Davao del Norte","Cerebrovascular Accident","2016-49"
"Davao del Norte","Cerebrovascular Accident","2016-50"
"Davao del Norte","Cerebrovascular Accident","2016-51"
"Davao del Norte","Cerebrovascular Accident","2016-52"
"Davao del Norte","Cerebrovascular Accident","2017-01"
"Davao del Norte","Cerebrovascular Accident","2017-02"
"Davao del Norte","Cerebrovascular Accident","2017-03"
"Davao del Norte","Cerebrovascular Accident","2017-04"
"Davao del Norte","Cerebrovascular Accident","2017-05"
"Davao del Norte","Cerebrovascular Accident","2017-06"
"Davao del Norte","Cerebrovascular Accident","2017-07"
"Davao del Norte","Cerebrovascular Accident","2017-08"
"Davao del Norte","Cerebrovascular Accident","2017-09"
"Davao del Norte","Cerebrovascular Accident","2017-10"
"Davao del Norte","Cerebrovascular Accident","2017-11"
"Davao del Norte","Cerebrovascular Accident","2017-12"
"Davao del Norte","Cerebrovascular Accident","2017-13"
"Davao del Norte","Cerebrovascular Accident","2017-14"
"Davao del Norte","Cerebrovascular Accident","2017-15"
"Davao del Norte","Cerebrovascular Accident","2017-16"
"Davao del Norte","Cerebrovascular Accident","2017-17"
"Davao del Norte","Cerebrovascular Accident","2017-18"
"Davao del Norte","Cerebrovascular Accident","2017-19"
"Davao del Norte","Cerebrovascular Accident","2017-20"
"Davao del Norte","Cerebrovascular Accident","2017-21"
"Davao del Norte","Cerebrovascular Accident","2017-22"
"Davao del Norte","Cerebrovascular Accident","2017-23"
"Davao del Norte","Cerebrovascular Accident","2017-24"
"Davao del Norte","Cerebrovascular Accident","2017-25"
"Davao del Norte","Cerebrovascular Accident","2017-26"
"Davao del Norte","Cerebrovascular Accident","2017-27"
"Davao del Norte","Cerebrovascular Accident","2017-28"
"Davao del Norte","Cerebrovascular Accident","2017-29"
"Davao del Norte","Cerebrovascular Accident","2017-30"
"Davao del Norte","Cerebrovascular Accident","2017-31"
"Davao del Norte","Cerebrovascular Accident","2017-32"
"Davao del Norte","Cerebrovascular Accident","2017-33"
"Davao del Norte","Cerebrovascular Accident","2017-34"
"Davao del Norte","Cerebrovascular Accident","2017-35"
"Davao del Norte","Cerebrovascular Accident","2017-36"
"Compostela Valley","Cerebrovascular Accident","2016-19"
"Compostela Valley","Cerebrovascular Accident","2016-20"
"Compostela Valley","Cerebrovascular Accident","2016-21"
"Compostela Valley","Cerebrovascular Accident","2016-22"
"Compostela Valley","Cerebrovascular Accident","2016-23"
"Compostela Valley","Cerebrovascular Accident","2016-24"
"Compostela Valley","Cerebrovascular Accident","2016-25"
"Compostela Valley","Cerebrovascular Accident","2016-26"
"Compostela Valley","Cerebrovascular Accident","2016-27"
"Compostela Valley","Cerebrovascular Accident","2016-28"
"Compostela Valley","Cerebrovascular Accident","2016-29"
"Compostela Valley","Cerebrovascular Accident","2016-30"
"Compostela Valley","Cerebrovascular Accident","2016-31"
"Compostela Valley","Cerebrovascular Accident","2016-32"
"Compostela Valley","Cerebrovascular Accident","2016-33"
"Compostela Valley","Cerebrovascular Accident","2016-34"
"Compostela Valley","Cerebrovascular Accident","2016-35"
"Compostela Valley","Cerebrovascular Accident","2016-36"
"Compostela Valley","Cerebrovascular Accident","2016-37"
"Compostela Valley","Cerebrovascular Accident","2016-38"
"Compostela Valley","Cerebrovascular Accident","2016-39"
"Compostela Valley","Cerebrovascular Accident","2016-40"
"Compostela Valley","Cerebrovascular Accident","2016-41"
"Compostela Valley","Cerebrovascular Accident","2016-42"
"Compostela Valley","Cerebrovascular Accident","2016-43"
"Compostela Valley","Cerebrovascular Accident","2016-44"
"Compostela Valley","Cerebrovascular Accident","2016-45"
"Compostela Valley","Cerebrovascular Accident","2016-46"
"Compostela Valley","Cerebrovascular Accident","2017-14"
"Compostela Valley","Cerebrovascular Accident","2017-15"
"Compostela Valley","Cerebrovascular Accident","2017-16"
"Compostela Valley","Cerebrovascular Accident","2017-17"
"Compostela Valley","Cerebrovascular Accident","2017-18"
"Compostela Valley","Cerebrovascular Accident","2017-19"
"Compostela Valley","Cerebrovascular Accident","2017-20"
"Compostela Valley","Cerebrovascular Accident","2017-21"
"Compostela Valley","Cerebrovascular Accident","2017-22"
"Compostela Valley","Cerebrovascular Accident","2017-23"
"Compostela Valley","Cerebrovascular Accident","2017-24"
"Compostela Valley","Cerebrovascular Accident","2017-25"
"Compostela Valley","Cerebrovascular Accident","2017-26"
"Compostela Valley","Cerebrovascular Accident","2017-27"
"Compostela Valley","Cerebrovascular Accident","2017-28"
"Compostela Valley","Cerebrovascular Accident","2017-29"
"Compostela Valley","Cerebrovascular Accident","2017-30"
"Compostela Valley","Cerebrovascular Accident","2017-31"
"Compostela Valley","Cerebrovascular Accident","2017-32"
"Compostela Valley","Cerebrovascular Accident","2017-33"
"Compostela Valley","Cerebrovascular Accident","2017-34"
"Compostela Valley","Cerebrovascular Accident","2017-35"
"Compostela Valley","Cerebrovascular Accident","2017-36"
"Compostela Valley","Cerebrovascular Accident","2017-37"
"Compostela Valley","Cerebrovascular Accident","2017-38"
"Cotabato","Cerebrovascular Accident","2016-19"
"Cotabato","Cerebrovascular Accident","2016-20"
"Cotabato","Cerebrovascular Accident","2016-21"
"Cotabato","Cerebrovascular Accident","2016-22"
"Cotabato","Cerebrovascular Accident","2016-23"
"Cotabato","Cerebrovascular Accident","2016-24"
"Cotabato","Cerebrovascular Accident","2016-25"
"Cotabato","Cerebrovascular Accident","2016-26"
"Cotabato","Cerebrovascular Accident","2016-27"
"Cotabato","Cerebrovascular Accident","2016-28"
"Cotabato","Cerebrovascular Accident","2016-29"
"Cotabato","Cerebrovascular Accident","2016-30"
"Cotabato","Cerebrovascular Accident","2016-31"
"Cotabato","Cerebrovascular Accident","2016-32"
"Cotabato","Cerebrovascular Accident","2016-33"
"Cotabato","Cerebrovascular Accident","2016-34"
"Cotabato","Cerebrovascular Accident","2016-35"
"Cotabato","Cerebrovascular Accident","2016-36"
"Cotabato","Cerebrovascular Accident","2016-37"
"Cotabato","Cerebrovascular Accident","2016-38"
"Cotabato","Cerebrovascular Accident","2016-39"
"Cotabato","Cerebrovascular Accident","2016-40"
"Cotabato","Cerebrovascular Accident","2016-41"
"Cotabato","Cerebrovascular Accident","2016-42"
"Cotabato","Cerebrovascular Accident","2016-43"
"Cotabato","Cerebrovascular Accident","2016-44"
"Cotabato","Cerebrovascular Accident","2016-45"
"Cotabato","Cerebrovascular Accident","2016-46"
"Cotabato","Cerebrovascular Accident","2016-47"
"Cotabato","Cerebrovascular Accident","2016-48"
"Cotabato","Cerebrovascular Accident","2016-49"
"Cotabato","Cerebrovascular Accident","2016-50"
"Cotabato","Cerebrovascular Accident","2016-51"
"Cotabato","Cerebrovascular Accident","2016-52"
"Cotabato","Cerebrovascular Accident","2017-01"
"Cotabato","Cerebrovascular Accident","2017-02"
"Cotabato","Cerebrovascular Accident","2017-03"
"Cotabato","Cerebrovascular Accident","2017-04"
"Sultan Kudarat","Cerebrovascular Accident","2018-28"
"Sultan Kudarat","Cerebrovascular Accident","2018-29"
"Sultan Kudarat","Cerebrovascular Accident","2018-30"
"Sultan Kudarat","Cerebrovascular Accident","2018-31"
"Sultan Kudarat","Cerebrovascular Accident","2018-32"
"Sultan Kudarat","Cerebrovascular Accident","2018-33"
"Sultan Kudarat","Cerebrovascular Accident","2018-34"
"Sultan Kudarat","Cerebrovascular Accident","2018-35"
"Sultan Kudarat","Cerebrovascular Accident","2018-36"
"Sultan Kudarat","Cerebrovascular Accident","2018-37"
"Sultan Kudarat","Cerebrovascular Accident","2018-38"
"Sultan Kudarat","Cerebrovascular Accident","2018-39"
"Sultan Kudarat","Cerebrovascular Accident","2018-40"
"Sultan Kudarat","Cerebrovascular Accident","2018-41"
"Sultan Kudarat","Cerebrovascular Accident","2018-42"
"Sultan Kudarat","Cerebrovascular Accident","2018-43"
"Sultan Kudarat","Cerebrovascular Accident","2018-44"
"Sultan Kudarat","Cerebrovascular Accident","2018-45"
"Sultan Kudarat","Cerebrovascular Accident","2018-46"
"Sultan Kudarat","Cerebrovascular Accident","2018-47"
"Sarangani","Cerebrovascular Accident","2018-06"
"Sarangani","Cerebrovascular Accident","2018-23"
"Abra","Cerebrovascular Accident","2019-28"
"Benguet","Cerebrovascular Accident","2018-35"
"Agusan del Sur","Cerebrovascular Accident","2016-49"
"La Union","Unknown Cause","2016-19"
"La Union","Unknown Cause","2016-20"
"La Union","Unknown Cause","2016-21"
"La Union","Unknown Cause","2016-22"
"La Union","Unknown Cause","2016-23"
"La Union","Unknown Cause","2016-24"
"La Union","Unknown Cause","2016-25"
"La Union","Unknown Cause","2016-26"
"La Union","Unknown Cause","2016-27"
"La Union","Unknown Cause","2016-28"
"La Union","Unknown Cause","2016-29"
"La Union","Unknown Cause","2016-30"
"La Union","Unknown Cause","2016-31"
"La Union","Unknown Cause","2016-32"
"La Union","Unknown Cause","2016-33"
"La Union","Unknown Cause","2016-34"
"La Union","Unknown Cause","2016-35"
"La Union","Unknown Cause","2016-36"
"La Union","Unknown Cause","2016-37"
"La Union","Unknown Cause","2016-38"
"La Union","Unknown Cause","2016-39"
"La Union","Unknown Cause","2016-51"
"La Union","Unknown Cause","2016-52"
"Pangasinan","Unknown Cause","2016-39"
"Pangasinan","Unknown Cause","2016-40"
"Pangasinan","Unknown Cause","2016-41"
"Pangasinan","Unknown Cause","2016-42"
"Pangasinan","Unknown Cause","2016-43"
"Pangasinan","Unknown Cause","2016-44"
"Pangasinan","Unknown Cause","2016-45"
"Pangasinan","Unknown Cause","2016-46"
"Pangasinan","Unknown Cause","2016-47"
"Cagayan","Unknown Cause","2017-33"
"Cagayan","Unknown Cause","2017-34"
"Cagayan","Unknown Cause","2017-35"
"Cagayan","Unknown Cause","2017-36"
"Cagayan","Unknown Cause","2017-37"
"Cagayan","Unknown Cause","2017-38"
"Cagayan","Unknown Cause","2017-39"
"Cagayan","Unknown Cause","2017-40"
"Cagayan","Unknown Cause","2017-41"
"Cagayan","Unknown Cause","2017-42"
"Isabela","Unknown Cause","2017-31"
"Isabela","Unknown Cause","2017-32"
"Isabela","Unknown Cause","2017-33"
"Isabela","Unknown Cause","2017-34"
"Isabela","Unknown Cause","2017-35"
"Isabela","Unknown Cause","2017-36"
"Nueva Vizcaya","Unknown Cause","2018-30"
"Bulacan","Unknown Cause","2017-02"
"Bulacan","Unknown Cause","2017-03"
"Bulacan","Unknown Cause","2017-04"
"Bulacan","Unknown Cause","2017-05"
"Bulacan","Unknown Cause","2017-06"
"Bulacan","Unknown Cause","2017-07"
"Bulacan","Unknown Cause","2017-08"
"Bulacan","Unknown Cause","2017-09"
"Bulacan","Unknown Cause","2017-10"
"Bulacan","Unknown Cause","2017-11"
"Bulacan","Unknown Cause","2017-12"
"Bulacan","Unknown Cause","2017-13"
"Bulacan","Unknown Cause","2017-14"
"Bulacan","Unknown Cause","2017-15"
"Bulacan","Unknown Cause","2017-16"
"Bulacan","Unknown Cause","2017-17"
"Bulacan","Unknown Cause","2017-18"
"Bulacan","Unknown Cause","2017-19"
"Bulacan","Unknown Cause","2017-20"
"Bulacan","Unknown Cause","2017-21"
"Bulacan","Unknown Cause","2017-22"
"Bulacan","Unknown Cause","2017-23"
"Bulacan","Unknown Cause","2017-24"
"Bulacan","Unknown Cause","2017-25"
"Bulacan","Unknown Cause","2017-26"
"Bulacan","Unknown Cause","2017-27"
"Bulacan","Unknown Cause","2017-28"
"Bulacan","Unknown Cause","2017-29"
"Bulacan","Unknown Cause","2017-30"
"Bulacan","Unknown Cause","2017-31"
"Bulacan","Unknown Cause","2017-32"
"Bulacan","Unknown Cause","2017-33"
"Bulacan","Unknown Cause","2017-34"
"Bulacan","Unknown Cause","2018-28"
"Bulacan","Unknown Cause","2018-29"
"Bulacan","Unknown Cause","2018-30"
"Bulacan","Unknown Cause","2018-31"
"Bulacan","Unknown Cause","2018-32"
"Bulacan","Unknown Cause","2018-33"
"Bulacan","Unknown Cause","2018-34"
"Bulacan","Unknown Cause","2018-35"
"Bulacan","Unknown Cause","2018-36"
"Bulacan","Unknown Cause","2018-37"
"Bulacan","Unknown Cause","2018-38"
"Bulacan","Unknown Cause","2018-39"
"Bulacan","Unknown Cause","2018-40"
"Bulacan","Unknown Cause","2018-41"
"Bulacan","Unknown Cause","2018-42"
"Bulacan","Unknown Cause","2018-43"
"Bulacan","Unknown Cause","2018-44"
"Bulacan","Unknown Cause","2018-45"
"Bulacan","Unknown Cause","2018-46"
"Bulacan","Unknown Cause","2018-47"
"Bulacan","Unknown Cause","2018-48"
"Bulacan","Unknown Cause","2018-49"
"Bulacan","Unknown Cause","2018-50"
"Bulacan","Unknown Cause","2018-51"
"Bulacan","Unknown Cause","2018-52"
"Bulacan","Unknown Cause","2019-01"
"Bulacan","Unknown Cause","2019-02"
"Bulacan","Unknown Cause","2019-03"
"Bulacan","Unknown Cause","2019-04"
"Bulacan","Unknown Cause","2019-05"
"Bulacan","Unknown Cause","2019-06"
"Bulacan","Unknown Cause","2019-07"
"Bulacan","Unknown Cause","2019-08"
"Bulacan","Unknown Cause","2019-09"
"Bulacan","Unknown Cause","2019-10"
"Nueva Ecija","Unknown Cause","2016-32"
"Nueva Ecija","Unknown Cause","2016-33"
"Nueva Ecija","Unknown Cause","2016-34"
"Nueva Ecija","Unknown Cause","2016-35"
"Nueva Ecija","Unknown Cause","2016-36"
"Nueva Ecija","Unknown Cause","2016-37"
"Nueva Ecija","Unknown Cause","2018-13"
"Nueva Ecija","Unknown Cause","2018-14"
"Nueva Ecija","Unknown Cause","2018-15"
"Nueva Ecija","Unknown Cause","2018-16"
"Nueva Ecija","Unknown Cause","2018-17"
"Nueva Ecija","Unknown Cause","2018-18"
"Nueva Ecija","Unknown Cause","2019-05"
"Nueva Ecija","Unknown Cause","2019-06"
"Nueva Ecija","Unknown Cause","2019-07"
"Nueva Ecija","Unknown Cause","2019-08"
"Nueva Ecija","Unknown Cause","2019-09"
"Nueva Ecija","Unknown Cause","2019-10"
"Nueva Ecija","Unknown Cause","2019-11"
"Nueva Ecija","Unknown Cause","2019-12"
"Nueva Ecija","Unknown Cause","2019-13"
"Nueva Ecija","Unknown Cause","2019-14"
"Nueva Ecija","Unknown Cause","2019-15"
"Nueva Ecija","Unknown Cause","2019-16"
"Nueva Ecija","Unknown Cause","2019-17"
"Nueva Ecija","Unknown Cause","2019-18"
"Nueva Ecija","Unknown Cause","2019-19"
"Nueva Ecija","Unknown Cause","2019-20"
"Nueva Ecija","Unknown Cause","2019-21"
"Nueva Ecija","Unknown Cause","2019-22"
"Nueva Ecija","Unknown Cause","2019-23"
"Nueva Ecija","Unknown Cause","2019-24"
"Nueva Ecija","Unknown Cause","2019-25"
"Nueva Ecija","Unknown Cause","2019-26"
"Nueva Ecija","Unknown Cause","2019-27"
"Nueva Ecija","Unknown Cause","2019-28"
"Nueva Ecija","Unknown Cause","2019-29"
"Nueva Ecija","Unknown Cause","2019-30"
"Nueva Ecija","Unknown Cause","2019-31"
"Nueva Ecija","Unknown Cause","2019-32"
"Nueva Ecija","Unknown Cause","2019-33"
"Nueva Ecija","Unknown Cause","2019-34"
"Nueva Ecija","Unknown Cause","2019-35"
"Nueva Ecija","Unknown Cause","2019-36"
"Nueva Ecija","Unknown Cause","2019-37"
"Nueva Ecija","Unknown Cause","2019-38"
"Nueva Ecija","Unknown Cause","2019-39"
"Pampanga","Unknown Cause","2019-12"
"Tarlac","Unknown Cause","2016-52"
"Tarlac","Unknown Cause","2017-01"
"Tarlac","Unknown Cause","2017-02"
"Tarlac","Unknown Cause","2017-03"
"Tarlac","Unknown Cause","2017-04"
"Tarlac","Unknown Cause","2017-05"
"Tarlac","Unknown Cause","2017-06"
"Tarlac","Unknown Cause","2017-07"
"Tarlac","Unknown Cause","2017-24"
"Tarlac","Unknown Cause","2017-25"
"Tarlac","Unknown Cause","2017-26"
"Tarlac","Unknown Cause","2017-27"
"Tarlac","Unknown Cause","2017-28"
"Tarlac","Unknown Cause","2017-29"
"Tarlac","Unknown Cause","2017-30"
"Tarlac","Unknown Cause","2017-31"
"Tarlac","Unknown Cause","2019-10"
"Tarlac","Unknown Cause","2019-11"
"Tarlac","Unknown Cause","2019-12"
"Tarlac","Unknown Cause","2019-13"
"Tarlac","Unknown Cause","2019-14"
"Tarlac","Unknown Cause","2019-15"
"Tarlac","Unknown Cause","2019-16"
"Tarlac","Unknown Cause","2019-17"
"Tarlac","Unknown Cause","2019-18"
"Laguna","Unknown Cause","2016-19"
"Laguna","Unknown Cause","2016-20"
"Laguna","Unknown Cause","2016-21"
"Laguna","Unknown Cause","2016-22"
"Laguna","Unknown Cause","2016-23"
"Laguna","Unknown Cause","2016-24"
"Laguna","Unknown Cause","2016-25"
"Laguna","Unknown Cause","2016-26"
"Laguna","Unknown Cause","2016-27"
"Laguna","Unknown Cause","2016-28"
"Laguna","Unknown Cause","2016-29"
"Laguna","Unknown Cause","2016-30"
"Laguna","Unknown Cause","2016-31"
"Laguna","Unknown Cause","2016-32"
"Laguna","Unknown Cause","2016-33"
"Laguna","Unknown Cause","2016-34"
"Laguna","Unknown Cause","2016-35"
"Laguna","Unknown Cause","2016-36"
"Laguna","Unknown Cause","2016-37"
"Laguna","Unknown Cause","2016-38"
"Laguna","Unknown Cause","2018-31"
"Laguna","Unknown Cause","2018-32"
"Laguna","Unknown Cause","2018-33"
"Laguna","Unknown Cause","2018-34"
"Laguna","Unknown Cause","2018-35"
"Laguna","Unknown Cause","2018-36"
"Laguna","Unknown Cause","2018-37"
"Laguna","Unknown Cause","2018-38"
"Laguna","Unknown Cause","2018-39"
"Laguna","Unknown Cause","2018-40"
"Laguna","Unknown Cause","2018-41"
"Laguna","Unknown Cause","2018-42"
"Laguna","Unknown Cause","2018-43"
"Laguna","Unknown Cause","2018-44"
"Laguna","Unknown Cause","2018-45"
"Laguna","Unknown Cause","2018-46"
"Laguna","Unknown Cause","2018-47"
"Laguna","Unknown Cause","2018-48"
"Laguna","Unknown Cause","2018-49"
"Laguna","Unknown Cause","2018-50"
"Rizal","Unknown Cause","2016-43"
"Rizal","Unknown Cause","2016-44"
"Rizal","Unknown Cause","2016-45"
"Rizal","Unknown Cause","2016-46"
"Rizal","Unknown Cause","2016-47"
"Rizal","Unknown Cause","2016-48"
"Rizal","Unknown Cause","2016-49"
"Rizal","Unknown Cause","2016-50"
"Rizal","Unknown Cause","2016-51"
"Rizal","Unknown Cause","2016-52"
"Rizal","Unknown Cause","2017-01"
"Rizal","Unknown Cause","2017-02"
"Rizal","Unknown Cause","2017-03"
"Rizal","Unknown Cause","2017-04"
"Rizal","Unknown Cause","2017-05"
"Rizal","Unknown Cause","2017-06"
"Rizal","Unknown Cause","2017-07"
"Rizal","Unknown Cause","2017-08"
"Rizal","Unknown Cause","2017-09"
"Rizal","Unknown Cause","2017-10"
"Rizal","Unknown Cause","2017-11"
"Rizal","Unknown Cause","2017-12"
"Rizal","Unknown Cause","2017-13"
"Rizal","Unknown Cause","2017-14"
"Rizal","Unknown Cause","2017-15"
"Rizal","Unknown Cause","2017-16"
"Rizal","Unknown Cause","2017-17"
"Rizal","Unknown Cause","2017-18"
"Rizal","Unknown Cause","2017-19"
"Rizal","Unknown Cause","2017-20"
"Rizal","Unknown Cause","2017-21"
"Rizal","Unknown Cause","2017-22"
"Rizal","Unknown Cause","2017-23"
"Rizal","Unknown Cause","2017-24"
"Rizal","Unknown Cause","2017-25"
"Rizal","Unknown Cause","2017-26"
"Rizal","Unknown Cause","2017-27"
"Rizal","Unknown Cause","2017-28"
"Rizal","Unknown Cause","2017-29"
"Rizal","Unknown Cause","2017-30"
"Rizal","Unknown Cause","2017-31"
"Rizal","Unknown Cause","2017-32"
"Rizal","Unknown Cause","2017-33"
"Rizal","Unknown Cause","2017-34"
"Rizal","Unknown Cause","2017-35"
"Rizal","Unknown Cause","2017-36"
"Rizal","Unknown Cause","2017-37"
"Rizal","Unknown Cause","2017-38"
"Rizal","Unknown Cause","2017-39"
"Rizal","Unknown Cause","2017-40"
"Rizal","Unknown Cause","2018-16"
"Rizal","Unknown Cause","2018-17"
"Rizal","Unknown Cause","2018-18"
"Rizal","Unknown Cause","2018-19"
"Rizal","Unknown Cause","2018-20"
"Rizal","Unknown Cause","2018-21"
"Rizal","Unknown Cause","2018-22"
"Rizal","Unknown Cause","2018-23"
"Rizal","Unknown Cause","2018-24"
"Rizal","Unknown Cause","2018-25"
"Rizal","Unknown Cause","2018-26"
"Rizal","Unknown Cause","2018-27"
"Rizal","Unknown Cause","2018-28"
"Rizal","Unknown Cause","2018-29"
"Rizal","Unknown Cause","2018-30"
"Rizal","Unknown Cause","2018-31"
"Rizal","Unknown Cause","2018-32"
"Rizal","Unknown Cause","2018-33"
"Rizal","Unknown Cause","2018-34"
"Rizal","Unknown Cause","2018-35"
"Rizal","Unknown Cause","2018-36"
"Rizal","Unknown Cause","2018-37"
"Rizal","Unknown Cause","2018-38"
"Rizal","Unknown Cause","2018-39"
"Rizal","Unknown Cause","2018-40"
"Rizal","Unknown Cause","2018-41"
"Camarines Sur","Unknown Cause","2016-31"
"Camarines Sur","Unknown Cause","2016-32"
"Camarines Sur","Unknown Cause","2016-33"
"Camarines Sur","Unknown Cause","2016-34"
"Camarines Sur","Unknown Cause","2016-35"
"Camarines Sur","Unknown Cause","2016-36"
"Camarines Sur","Unknown Cause","2016-37"
"Camarines Sur","Unknown Cause","2016-38"
"Camarines Sur","Unknown Cause","2016-39"
"Camarines Sur","Unknown Cause","2016-40"
"Camarines Sur","Unknown Cause","2016-41"
"Camarines Sur","Unknown Cause","2016-42"
"Camarines Sur","Unknown Cause","2016-43"
"Camarines Sur","Unknown Cause","2016-44"
"Camarines Sur","Unknown Cause","2016-45"
"Camarines Sur","Unknown Cause","2019-29"
"Camarines Sur","Unknown Cause","2019-30"
"Camarines Sur","Unknown Cause","2019-31"
"Camarines Sur","Unknown Cause","2019-32"
"Camarines Sur","Unknown Cause","2019-33"
"Camarines Sur","Unknown Cause","2019-34"
"Aklan","Unknown Cause","2016-35"
"Iloilo","Unknown Cause","2016-22"
"Iloilo","Unknown Cause","2016-29"
"Iloilo","Unknown Cause","2016-33"
"Iloilo","Unknown Cause","2016-34"
"Iloilo","Unknown Cause","2016-37"
"Iloilo","Unknown Cause","2016-42"
"Iloilo","Unknown Cause","2016-46"
"Iloilo","Unknown Cause","2017-14"
"Iloilo","Unknown Cause","2017-35"
"Iloilo","Unknown Cause","2019-12"
"Negros Occidental","Unknown Cause","2016-22"
"Negros Occidental","Unknown Cause","2016-30"
"Negros Occidental","Unknown Cause","2016-31"
"Negros Occidental","Unknown Cause","2016-32"
"Negros Occidental","Unknown Cause","2016-51"
"Negros Occidental","Unknown Cause","2017-13"
"Negros Occidental","Unknown Cause","2017-33"
"Negros Occidental","Unknown Cause","2018-21"
"Negros Occidental","Unknown Cause","2018-30"
"Negros Occidental","Unknown Cause","2018-47"
"Negros Occidental","Unknown Cause","2019-05"
"Negros Occidental","Unknown Cause","2019-12"
"Negros Occidental","Unknown Cause","2019-17"
"Negros Occidental","Unknown Cause","2019-22"
"Negros Occidental","Unknown Cause","2019-50"
"Bohol","Unknown Cause","2016-19"
"Bohol","Unknown Cause","2016-20"
"Bohol","Unknown Cause","2016-21"
"Bohol","Unknown Cause","2016-22"
"Bohol","Unknown Cause","2016-23"
"Bohol","Unknown Cause","2016-24"
"Bohol","Unknown Cause","2016-25"
"Cebu","Unknown Cause","2016-51"
"Cebu","Unknown Cause","2018-24"
"Cebu","Unknown Cause","2018-25"
"Cebu","Unknown Cause","2018-26"
"Cebu","Unknown Cause","2018-27"
"Cebu","Unknown Cause","2018-28"
"Cebu","Unknown Cause","2018-29"
"Cebu","Unknown Cause","2018-30"
"Cebu","Unknown Cause","2018-31"
"Cebu","Unknown Cause","2018-32"
"Cebu","Unknown Cause","2018-33"
"Cebu","Unknown Cause","2018-34"
"Cebu","Unknown Cause","2018-35"
"Cebu","Unknown Cause","2018-36"
"Cebu","Unknown Cause","2018-37"
"Cebu","Unknown Cause","2018-38"
"Cebu","Unknown Cause","2018-39"
"Cebu","Unknown Cause","2018-40"
"Cebu","Unknown Cause","2018-41"
"Cebu","Unknown Cause","2018-42"
"Cebu","Unknown Cause","2018-43"
"Cebu","Unknown Cause","2018-44"
"Cebu","Unknown Cause","2018-45"
"Cebu","Unknown Cause","2018-46"
"Cebu","Unknown Cause","2018-47"
"Cebu","Unknown Cause","2018-48"
"Cebu","Unknown Cause","2018-49"
"Cebu","Unknown Cause","2018-50"
"Cebu","Unknown Cause","2018-51"
"Cebu","Unknown Cause","2018-52"
"Cebu","Unknown Cause","2019-01"
"Cebu","Unknown Cause","2019-02"
"Cebu","Unknown Cause","2019-03"
"Cebu","Unknown Cause","2019-04"
"Cebu","Unknown Cause","2019-05"
"Cebu","Unknown Cause","2019-06"
"Cebu","Unknown Cause","2019-07"
"Cebu","Unknown Cause","2019-08"
"Cebu","Unknown Cause","2019-09"
"Cebu","Unknown Cause","2019-10"
"Cebu","Unknown Cause","2019-11"
"Cebu","Unknown Cause","2019-12"
"Cebu","Unknown Cause","2019-13"
"Southern Leyte","Unknown Cause","2017-37"
"Zamboanga del Sur","Unknown Cause","2017-15"
"Zamboanga del Sur","Unknown Cause","2018-33"
"Zamboanga del Sur","Unknown Cause","2019-16"
"Misamis Occidental","Unknown Cause","2016-19"
"Misamis Occidental","Unknown Cause","2016-20"
"Misamis Occidental","Unknown Cause","2016-21"
"Misamis Occidental","Unknown Cause","2016-22"
"Misamis Occidental","Unknown Cause","2016-23"
"Misamis Occidental","Unknown Cause","2016-24"
"Misamis Occidental","Unknown Cause","2016-25"
"Misamis Occidental","Unknown Cause","2016-26"
"Misamis Occidental","Unknown Cause","2016-27"
"Misamis Occidental","Unknown Cause","2016-28"
"Misamis Occidental","Unknown Cause","2016-29"
"Misamis Oriental","Unknown Cause","2016-19"
"Misamis Oriental","Unknown Cause","2016-20"
"Misamis Oriental","Unknown Cause","2016-21"
"Misamis Oriental","Unknown Cause","2016-22"
"Misamis Oriental","Unknown Cause","2016-23"
"Misamis Oriental","Unknown Cause","2016-24"
"Misamis Oriental","Unknown Cause","2016-25"
"Misamis Oriental","Unknown Cause","2016-26"
"Misamis Oriental","Unknown Cause","2016-27"
"Misamis Oriental","Unknown Cause","2016-28"
"Misamis Oriental","Unknown Cause","2016-29"
"Misamis Oriental","Unknown Cause","2016-30"
"Misamis Oriental","Unknown Cause","2016-31"
"Misamis Oriental","Unknown Cause","2018-35"
"Misamis Oriental","Unknown Cause","2018-36"
"Misamis Oriental","Unknown Cause","2018-37"
"Misamis Oriental","Unknown Cause","2018-38"
"Misamis Oriental","Unknown Cause","2018-39"
"Misamis Oriental","Unknown Cause","2018-40"
"Misamis Oriental","Unknown Cause","2018-41"
"Misamis Oriental","Unknown Cause","2018-42"
"Misamis Oriental","Unknown Cause","2018-43"
"Misamis Oriental","Unknown Cause","2018-44"
"Misamis Oriental","Unknown Cause","2018-45"
"Davao del Norte","Unknown Cause","2016-27"
"Davao del Norte","Unknown Cause","2016-28"
"Davao del Norte","Unknown Cause","2016-29"
"Davao del Norte","Unknown Cause","2016-30"
"Davao del Norte","Unknown Cause","2016-31"
"Davao del Norte","Unknown Cause","2016-32"
"Davao del Norte","Unknown Cause","2016-33"
"Davao del Norte","Unknown Cause","2016-34"
"Davao del Norte","Unknown Cause","2016-35"
"Davao del Norte","Unknown Cause","2016-36"
"Davao del Norte","Unknown Cause","2016-37"
"Davao del Norte","Unknown Cause","2016-38"
"Davao del Norte","Unknown Cause","2016-39"
"Davao del Norte","Unknown Cause","2016-40"
"Davao del Norte","Unknown Cause","2016-41"
"Davao del Norte","Unknown Cause","2016-42"
"Davao del Norte","Unknown Cause","2016-43"
"Davao del Norte","Unknown Cause","2016-44"
"Davao del Norte","Unknown Cause","2016-45"
"Davao del Norte","Unknown Cause","2016-46"
"Davao del Norte","Unknown Cause","2016-47"
"Davao del Norte","Unknown Cause","2016-48"
"Davao del Norte","Unknown Cause","2017-12"
"Davao del Norte","Unknown Cause","2017-13"
"Davao del Norte","Unknown Cause","2017-14"
"Davao del Norte","Unknown Cause","2017-15"
"Davao del Norte","Unknown Cause","2017-16"
"Davao del Norte","Unknown Cause","2017-17"
"Davao del Norte","Unknown Cause","2017-18"
"Davao del Norte","Unknown Cause","2017-19"
"Davao del Norte","Unknown Cause","2017-20"
"Davao del Norte","Unknown Cause","2017-21"
"Davao del Norte","Unknown Cause","2017-22"
"Davao del Norte","Unknown Cause","2017-23"
"Davao del Norte","Unknown Cause","2017-24"
"Davao del Norte","Unknown Cause","2017-25"
"Davao del Norte","Unknown Cause","2017-26"
"Davao del Norte","Unknown Cause","2017-27"
"Davao del Norte","Unknown Cause","2017-28"
"Davao del Norte","Unknown Cause","2017-29"
"Davao del Norte","Unknown Cause","2017-30"
"Davao del Norte","Unknown Cause","2017-31"
"Davao del Norte","Unknown Cause","2017-32"
"Davao del Norte","Unknown Cause","2017-33"
"Davao del Norte","Unknown Cause","2017-34"
"Davao del Norte","Unknown Cause","2017-35"
"Davao del Norte","Unknown Cause","2017-36"
"Davao Oriental","Unknown Cause","2016-40"
"Davao Oriental","Unknown Cause","2016-41"
"Davao Oriental","Unknown Cause","2016-42"
"Davao Oriental","Unknown Cause","2016-43"
"Davao Oriental","Unknown Cause","2016-44"
"Davao Oriental","Unknown Cause","2016-45"
"Davao Oriental","Unknown Cause","2016-46"
"Davao Oriental","Unknown Cause","2016-47"
"Davao Oriental","Unknown Cause","2016-48"
"Davao Oriental","Unknown Cause","2016-49"
"Davao Oriental","Unknown Cause","2016-50"
"Davao Oriental","Unknown Cause","2016-51"
"Davao Oriental","Unknown Cause","2016-52"
"Davao Oriental","Unknown Cause","2017-01"
"Davao Oriental","Unknown Cause","2017-02"
"Davao Oriental","Unknown Cause","2017-30"
"Davao Oriental","Unknown Cause","2017-31"
"Davao Oriental","Unknown Cause","2017-32"
"Davao Oriental","Unknown Cause","2017-33"
"Davao Oriental","Unknown Cause","2017-34"
"Davao Oriental","Unknown Cause","2017-35"
"Davao Oriental","Unknown Cause","2017-36"
"Davao Oriental","Unknown Cause","2017-37"
"Davao Oriental","Unknown Cause","2017-38"
"Davao Oriental","Unknown Cause","2017-39"
"Davao Oriental","Unknown Cause","2017-40"
"Davao Oriental","Unknown Cause","2017-41"
"Davao Oriental","Unknown Cause","2017-42"
"Davao Oriental","Unknown Cause","2017-43"
"Davao Oriental","Unknown Cause","2017-44"
"Davao Oriental","Unknown Cause","2017-45"
"Davao Oriental","Unknown Cause","2017-46"
"Davao Oriental","Unknown Cause","2017-47"
"Davao Oriental","Unknown Cause","2017-48"
"Davao Oriental","Unknown Cause","2017-49"
"Cotabato","Unknown Cause","2016-52"
"Cotabato","Unknown Cause","2017-01"
"Cotabato","Unknown Cause","2017-02"
"Cotabato","Unknown Cause","2017-03"
"Cotabato","Unknown Cause","2017-04"
"Cotabato","Unknown Cause","2017-18"
"Cotabato","Unknown Cause","2017-19"
"Cotabato","Unknown Cause","2017-20"
"Cotabato","Unknown Cause","2017-21"
"Cotabato","Unknown Cause","2017-22"
"Cotabato","Unknown Cause","2017-23"
"Cotabato","Unknown Cause","2017-24"
"Cotabato","Unknown Cause","2017-25"
"Cotabato","Unknown Cause","2017-26"
"Cotabato","Unknown Cause","2017-27"
"Cotabato","Unknown Cause","2017-28"
"Cotabato","Unknown Cause","2017-29"
"Cotabato","Unknown Cause","2017-30"
"Cotabato","Unknown Cause","2017-31"
"Cotabato","Unknown Cause","2017-32"
"Cotabato","Unknown Cause","2017-33"
"Cotabato","Unknown Cause","2017-34"
"Cotabato","Unknown Cause","2017-35"
"Cotabato","Unknown Cause","2017-36"
"Cotabato","Unknown Cause","2017-37"
"Cotabato","Unknown Cause","2017-38"
"Cotabato","Unknown Cause","2017-39"
"Cotabato","Unknown Cause","2017-40"
"Cotabato","Unknown Cause","2017-41"
"Cotabato","Unknown Cause","2017-42"
"Cotabato","Unknown Cause","2017-43"
"Cotabato","Unknown Cause","2017-44"
"Cotabato","Unknown Cause","2017-45"
"Cotabato","Unknown Cause","2017-46"
"Cotabato","Unknown Cause","2017-47"
"Cotabato","Unknown Cause","2017-48"
"Cotabato","Unknown Cause","2017-49"
"Cotabato","Unknown Cause","2018-20"
"Cotabato","Unknown Cause","2018-21"
"Cotabato","Unknown Cause","2018-22"
"Cotabato","Unknown Cause","2018-23"
"Cotabato","Unknown Cause","2018-24"
"Cotabato","Unknown Cause","2018-25"
"Cotabato","Unknown Cause","2018-26"
"Cotabato","Unknown Cause","2018-27"
"Cotabato","Unknown Cause","2018-28"
"Cotabato","Unknown Cause","2018-29"
"Cotabato","Unknown Cause","2018-30"
"Cotabato","Unknown Cause","2018-31"
"Cotabato","Unknown Cause","2018-32"
"Cotabato","Unknown Cause","2018-33"
"Cotabato","Unknown Cause","2018-34"
"Cotabato","Unknown Cause","2018-35"
"Cotabato","Unknown Cause","2018-36"
"Cotabato","Unknown Cause","2018-37"
"Cotabato","Unknown Cause","2018-38"
"Cotabato","Unknown Cause","2018-39"
"Cotabato","Unknown Cause","2018-40"
"Cotabato","Unknown Cause","2018-41"
"Cotabato","Unknown Cause","2018-42"
"Cotabato","Unknown Cause","2018-43"
"Cotabato","Unknown Cause","2018-44"
"Cotabato","Unknown Cause","2018-45"
"Cotabato","Unknown Cause","2018-46"
"Cotabato","Unknown Cause","2018-47"
"Cotabato","Unknown Cause","2018-48"
"Cotabato","Unknown Cause","2018-49"
"South Cotabato","Unknown Cause","2018-29"
"South Cotabato","Unknown Cause","2018-30"
"South Cotabato","Unknown Cause","2018-31"
"South Cotabato","Unknown Cause","2018-32"
"South Cotabato","Unknown Cause","2018-33"
"South Cotabato","Unknown Cause","2018-34"
"South Cotabato","Unknown Cause","2018-35"
"South Cotabato","Unknown Cause","2018-36"
"South Cotabato","Unknown Cause","2018-37"
"South Cotabato","Unknown Cause","2018-38"
"South Cotabato","Unknown Cause","2018-39"
"South Cotabato","Unknown Cause","2018-40"
"South Cotabato","Unknown Cause","2018-41"
"South Cotabato","Unknown Cause","2018-42"
"South Cotabato","Unknown Cause","2018-43"
"National Capital Region","Unknown Cause","2016-19"
"National Capital Region","Unknown Cause","2016-20"
"National Capital Region","Unknown Cause","2016-21"
"National Capital Region","Unknown Cause","2016-22"
"National Capital Region","Unknown Cause","2016-23"
"National Capital Region","Unknown Cause","2016-24"
"National Capital Region","Unknown Cause","2016-25"
"National Capital Region","Unknown Cause","2016-26"
"National Capital Region","Unknown Cause","2016-27"
"National Capital Region","Unknown Cause","2016-28"
"National Capital Region","Unknown Cause","2016-29"
"National Capital Region","Unknown Cause","2016-30"
"National Capital Region","Unknown Cause","2016-31"
"National Capital Region","Unknown Cause","2016-32"
"National Capital Region","Unknown Cause","2016-33"
"National Capital Region","Unknown Cause","2016-34"
"National Capital Region","Unknown Cause","2016-35"
"National Capital Region","Unknown Cause","2016-36"
"National Capital Region","Unknown Cause","2016-37"
"National Capital Region","Unknown Cause","2016-38"
"National Capital Region","Unknown Cause","2016-39"
"National Capital Region","Unknown Cause","2016-40"
"National Capital Region","Unknown Cause","2016-41"
"National Capital Region","Unknown Cause","2016-42"
"National Capital Region","Unknown Cause","2017-15"
"National Capital Region","Unknown Cause","2017-16"
"National Capital Region","Unknown Cause","2017-17"
"National Capital Region","Unknown Cause","2017-18"
"National Capital Region","Unknown Cause","2017-19"
"National Capital Region","Unknown Cause","2017-20"
"National Capital Region","Unknown Cause","2017-21"
"National Capital Region","Unknown Cause","2017-22"
"National Capital Region","Unknown Cause","2017-23"
"National Capital Region","Unknown Cause","2017-24"
"National Capital Region","Unknown Cause","2017-25"
"National Capital Region","Unknown Cause","2017-26"
"National Capital Region","Unknown Cause","2017-27"
"National Capital Region","Unknown Cause","2017-28"
"National Capital Region","Unknown Cause","2017-29"
"National Capital Region","Unknown Cause","2017-30"
"National Capital Region","Unknown Cause","2017-31"
"National Capital Region","Unknown Cause","2017-32"
"National Capital Region","Unknown Cause","2017-33"
"National Capital Region","Unknown Cause","2017-34"
"National Capital Region","Unknown Cause","2017-35"
"National Capital Region","Unknown Cause","2017-36"
"National Capital Region","Unknown Cause","2017-37"
"National Capital Region","Unknown Cause","2017-38"
"National Capital Region","Unknown Cause","2017-39"
"National Capital Region","Unknown Cause","2017-40"
"National Capital Region","Unknown Cause","2017-41"
"Agusan del Norte","Unknown Cause","2016-19"
"Agusan del Norte","Unknown Cause","2016-20"
"Agusan del Norte","Unknown Cause","2016-21"
"Agusan del Norte","Unknown Cause","2016-22"
"Agusan del Norte","Unknown Cause","2016-23"
"Agusan del Norte","Unknown Cause","2016-24"
"Agusan del Norte","Unknown Cause","2016-25"
"Agusan del Norte","Unknown Cause","2016-26"
"Agusan del Norte","Unknown Cause","2016-27"
"Agusan del Norte","Unknown Cause","2016-28"
"Agusan del Norte","Unknown Cause","2016-29"
"Agusan del Norte","Unknown Cause","2016-30"
"Agusan del Norte","Unknown Cause","2016-31"
"Agusan del Norte","Unknown Cause","2016-32"
"Agusan del Norte","Unknown Cause","2016-33"
"Agusan del Norte","Unknown Cause","2016-34"
"Agusan del Norte","Unknown Cause","2016-35"
"Agusan del Norte","Unknown Cause","2016-36"
"Agusan del Norte","Unknown Cause","2016-37"
"Agusan del Norte","Unknown Cause","2016-38"
"Agusan del Norte","Unknown Cause","2016-39"
"Agusan del Norte","Unknown Cause","2016-40"
"Agusan del Norte","Unknown Cause","2016-41"
"Agusan del Norte","Unknown Cause","2016-42"
"Agusan del Norte","Unknown Cause","2016-43"
"Agusan del Norte","Unknown Cause","2016-44"
"Agusan del Norte","Unknown Cause","2016-45"
"Agusan del Norte","Unknown Cause","2016-46"
"Agusan del Norte","Unknown Cause","2016-47"
"Agusan del Norte","Unknown Cause","2016-48"
"Agusan del Norte","Unknown Cause","2016-49"
"Agusan del Norte","Unknown Cause","2016-50"
"Agusan del Norte","Unknown Cause","2016-51"
"Agusan del Norte","Unknown Cause","2016-52"
"Agusan del Norte","Unknown Cause","2017-01"
"Agusan del Norte","Unknown Cause","2017-02"
"Agusan del Norte","Unknown Cause","2017-03"
"Agusan del Norte","Unknown Cause","2017-04"
"Agusan del Norte","Unknown Cause","2017-05"
"Agusan del Norte","Unknown Cause","2017-06"
"Agusan del Norte","Unknown Cause","2017-07"
"Agusan del Norte","Unknown Cause","2017-08"
"Agusan del Norte","Unknown Cause","2017-09"
"Agusan del Norte","Unknown Cause","2017-10"
"Agusan del Norte","Unknown Cause","2017-11"
"Agusan del Norte","Unknown Cause","2017-12"
"Agusan del Norte","Unknown Cause","2017-13"
"Agusan del Norte","Unknown Cause","2017-14"
"Agusan del Norte","Unknown Cause","2017-15"
"Agusan del Norte","Unknown Cause","2017-16"
"Agusan del Norte","Unknown Cause","2018-35"
"Agusan del Norte","Unknown Cause","2018-36"
"Agusan del Norte","Unknown Cause","2018-37"
"Agusan del Norte","Unknown Cause","2018-38"
"Agusan del Norte","Unknown Cause","2018-39"
"Agusan del Norte","Unknown Cause","2018-40"
"Agusan del Sur","Unknown Cause","2016-19"
"Agusan del Sur","Unknown Cause","2016-20"
"Agusan del Sur","Unknown Cause","2016-21"
"Agusan del Sur","Unknown Cause","2016-22"
"Agusan del Sur","Unknown Cause","2016-23"
"Agusan del Sur","Unknown Cause","2016-24"
"Agusan del Sur","Unknown Cause","2016-25"
"Agusan del Sur","Unknown Cause","2016-26"
"Agusan del Sur","Unknown Cause","2016-27"
"Agusan del Sur","Unknown Cause","2016-28"
"Agusan del Sur","Unknown Cause","2016-29"
"Agusan del Sur","Unknown Cause","2016-30"
"Agusan del Sur","Unknown Cause","2016-31"
"Agusan del Sur","Unknown Cause","2016-32"
"Agusan del Sur","Unknown Cause","2016-33"
"Agusan del Sur","Unknown Cause","2016-34"
"Agusan del Sur","Unknown Cause","2016-35"
"Agusan del Sur","Unknown Cause","2016-36"
"Agusan del Sur","Unknown Cause","2016-37"
"Agusan del Sur","Unknown Cause","2016-38"
"Agusan del Sur","Unknown Cause","2016-39"
"Agusan del Sur","Unknown Cause","2016-40"
"Agusan del Sur","Unknown Cause","2016-41"
"Agusan del Sur","Unknown Cause","2016-42"
"Agusan del Sur","Unknown Cause","2016-43"
"Agusan del Sur","Unknown Cause","2016-44"
"Agusan del Sur","Unknown Cause","2016-45"
"Agusan del Sur","Unknown Cause","2016-46"
"Agusan del Sur","Unknown Cause","2016-47"
"Agusan del Sur","Unknown Cause","2016-48"
"Agusan del Sur","Unknown Cause","2016-49"
"Surigao del Norte","Unknown Cause","2016-37"
"Surigao del Norte","Unknown Cause","2016-38"
"Surigao del Norte","Unknown Cause","2016-39"
"Surigao del Norte","Unknown Cause","2016-40"
"Surigao del Norte","Unknown Cause","2016-41"
"Surigao del Norte","Unknown Cause","2016-42"
"Surigao del Norte","Unknown Cause","2016-43"
"Surigao del Norte","Unknown Cause","2016-44"
"Surigao del Norte","Unknown Cause","2016-45"
"Surigao del Norte","Unknown Cause","2016-46"
"Surigao del Norte","Unknown Cause","2016-47"
"Surigao del Norte","Unknown Cause","2016-48"
"Surigao del Norte","Unknown Cause","2016-49"
"Surigao del Norte","Unknown Cause","2016-50"
"Surigao del Norte","Unknown Cause","2016-51"
"Surigao del Norte","Unknown Cause","2016-52"
"Surigao del Norte","Unknown Cause","2017-01"
"Surigao del Norte","Unknown Cause","2017-02"
"Surigao del Norte","Unknown Cause","2017-03"
"Surigao del Norte","Unknown Cause","2017-04"
"Surigao del Norte","Unknown Cause","2017-05"
"Surigao del Norte","Unknown Cause","2017-06"
"Surigao del Norte","Unknown Cause","2017-07"
"Surigao del Norte","Unknown Cause","2017-08"
"Surigao del Norte","Unknown Cause","2017-09"
"Surigao del Norte","Unknown Cause","2017-10"
"Surigao del Norte","Unknown Cause","2017-11"
"Surigao del Norte","Unknown Cause","2017-12"
"Surigao del Norte","Unknown Cause","2017-13"
"Surigao del Norte","Unknown Cause","2017-14"
"Surigao del Norte","Unknown Cause","2017-15"
"Surigao del Norte","Unknown Cause","2017-16"
"Surigao del Norte","Unknown Cause","2017-17"
"Surigao del Norte","Unknown Cause","2017-18"
"Surigao del Norte","Unknown Cause","2017-19"
"Surigao del Norte","Unknown Cause","2017-20"
"Surigao del Norte","Unknown Cause","2017-21"
"Surigao del Norte","Unknown Cause","2017-22"
"Cagayan","Other Causes","2016-32"
"Cagayan","Other Causes","2016-33"
"Cagayan","Other Causes","2016-34"
"Cagayan","Other Causes","2016-35"
"Cagayan","Other Causes","2016-36"
"Cagayan","Other Causes","2016-37"
"Cagayan","Other Causes","2016-38"
"Cagayan","Other Causes","2016-39"
"Cagayan","Other Causes","2016-40"
"Cagayan","Other Causes","2016-41"
"Cagayan","Other Causes","2016-42"
"Cagayan","Other Causes","2016-43"
"Cagayan","Other Causes","2017-25"
"Cagayan","Other Causes","2017-26"
"Cagayan","Other Causes","2017-27"
"Cagayan","Other Causes","2017-28"
"Cagayan","Other Causes","2017-29"
"Cagayan","Other Causes","2017-30"
"Cagayan","Other Causes","2017-31"
"Cagayan","Other Causes","2017-32"
"Cagayan","Other Causes","2017-33"
"Isabela","Other Causes","2016-19"
"Isabela","Other Causes","2016-20"
"Isabela","Other Causes","2016-21"
"Isabela","Other Causes","2016-22"
"Isabela","Other Causes","2016-23"
"Isabela","Other Causes","2016-24"
"Isabela","Other Causes","2016-25"
"Isabela","Other Causes","2016-26"
"Isabela","Other Causes","2016-27"
"Isabela","Other Causes","2016-28"
"Isabela","Other Causes","2016-29"
"Isabela","Other Causes","2016-30"
"Isabela","Other Causes","2016-31"
"Isabela","Other Causes","2016-32"
"Isabela","Other Causes","2016-33"
"Isabela","Other Causes","2016-34"
"Isabela","Other Causes","2016-35"
"Isabela","Other Causes","2016-36"
"Isabela","Other Causes","2016-37"
"Isabela","Other Causes","2016-38"
"Isabela","Other Causes","2016-39"
"Isabela","Other Causes","2016-40"
"Isabela","Other Causes","2016-41"
"Isabela","Other Causes","2016-42"
"Isabela","Other Causes","2016-43"
"Isabela","Other Causes","2017-35"
"Isabela","Other Causes","2017-36"
"Nueva Vizcaya","Other Causes","2016-41"
"Nueva Vizcaya","Other Causes","2017-22"
"Bataan","Other Causes","2016-22"
"Bataan","Other Causes","2016-23"
"Bataan","Other Causes","2016-24"
"Bataan","Other Causes","2016-25"
"Bataan","Other Causes","2016-26"
"Bataan","Other Causes","2016-27"
"Bataan","Other Causes","2016-28"
"Bataan","Other Causes","2016-29"
"Bataan","Other Causes","2016-30"
"Bataan","Other Causes","2016-31"
"Bataan","Other Causes","2016-32"
"Bataan","Other Causes","2016-33"
"Bataan","Other Causes","2016-34"
"Pampanga","Other Causes","2016-19"
"Pampanga","Other Causes","2016-20"
"Pampanga","Other Causes","2016-21"
"Pampanga","Other Causes","2016-22"
"Pampanga","Other Causes","2016-23"
"Pampanga","Other Causes","2016-24"
"Pampanga","Other Causes","2016-25"
"Pampanga","Other Causes","2016-26"
"Pampanga","Other Causes","2016-27"
"Pampanga","Other Causes","2016-28"
"Pampanga","Other Causes","2016-29"
"Pampanga","Other Causes","2016-30"
"Pampanga","Other Causes","2016-31"
"Pampanga","Other Causes","2016-32"
"Pampanga","Other Causes","2016-33"
"Pampanga","Other Causes","2016-34"
"Pampanga","Other Causes","2016-35"
"Pampanga","Other Causes","2016-36"
"Pampanga","Other Causes","2016-37"
"Pampanga","Other Causes","2016-38"
"Pampanga","Other Causes","2016-39"
"Pampanga","Other Causes","2016-40"
"Pampanga","Other Causes","2016-41"
"Pampanga","Other Causes","2016-42"
"Pampanga","Other Causes","2016-43"
"Pampanga","Other Causes","2016-44"
"Pampanga","Other Causes","2016-45"
"Pampanga","Other Causes","2016-46"
"Pampanga","Other Causes","2016-47"
"Pampanga","Other Causes","2016-48"
"Pampanga","Other Causes","2016-49"
"Pampanga","Other Causes","2018-26"
"Pampanga","Other Causes","2018-27"
"Pampanga","Other Causes","2019-09"
"Pampanga","Other Causes","2019-10"
"Pampanga","Other Causes","2019-11"
"Pampanga","Other Causes","2019-12"
"Batangas","Other Causes","2016-31"
"Batangas","Other Causes","2016-32"
"Batangas","Other Causes","2016-33"
"Batangas","Other Causes","2016-34"
"Batangas","Other Causes","2016-35"
"Batangas","Other Causes","2016-36"
"Batangas","Other Causes","2016-37"
"Batangas","Other Causes","2016-38"
"Batangas","Other Causes","2016-39"
"Batangas","Other Causes","2016-40"
"Batangas","Other Causes","2016-41"
"Batangas","Other Causes","2016-42"
"Batangas","Other Causes","2016-43"
"Batangas","Other Causes","2016-44"
"Batangas","Other Causes","2016-45"
"Batangas","Other Causes","2016-46"
"Batangas","Other Causes","2016-47"
"Batangas","Other Causes","2016-48"
"Albay","Other Causes","2016-43"
"Albay","Other Causes","2016-44"
"Albay","Other Causes","2016-45"
"Albay","Other Causes","2016-46"
"Albay","Other Causes","2016-47"
"Albay","Other Causes","2016-48"
"Albay","Other Causes","2016-49"
"Albay","Other Causes","2016-50"
"Albay","Other Causes","2016-51"
"Albay","Other Causes","2016-52"
"Albay","Other Causes","2017-01"
"Albay","Other Causes","2017-02"
"Albay","Other Causes","2017-03"
"Albay","Other Causes","2017-04"
"Albay","Other Causes","2017-05"
"Albay","Other Causes","2017-06"
"Albay","Other Causes","2017-07"
"Albay","Other Causes","2017-08"
"Albay","Other Causes","2017-09"
"Albay","Other Causes","2017-10"
"Albay","Other Causes","2017-11"
"Albay","Other Causes","2017-12"
"Albay","Other Causes","2017-13"
"Albay","Other Causes","2017-14"
"Albay","Other Causes","2017-15"
"Albay","Other Causes","2017-16"
"Albay","Other Causes","2017-17"
"Albay","Other Causes","2017-18"
"Albay","Other Causes","2017-19"
"Albay","Other Causes","2018-12"
"Albay","Other Causes","2018-13"
"Albay","Other Causes","2018-14"
"Albay","Other Causes","2018-15"
"Albay","Other Causes","2018-16"
"Albay","Other Causes","2018-17"
"Albay","Other Causes","2018-18"
"Albay","Other Causes","2018-19"
"Albay","Other Causes","2018-20"
"Albay","Other Causes","2018-21"
"Albay","Other Causes","2018-22"
"Albay","Other Causes","2018-23"
"Albay","Other Causes","2018-24"
"Albay","Other Causes","2018-25"
"Albay","Other Causes","2018-26"
"Albay","Other Causes","2018-27"
"Albay","Other Causes","2018-28"
"Albay","Other Causes","2018-29"
"Albay","Other Causes","2018-30"
"Albay","Other Causes","2018-31"
"Albay","Other Causes","2018-32"
"Albay","Other Causes","2018-33"
"Albay","Other Causes","2018-34"
"Albay","Other Causes","2018-35"
"Albay","Other Causes","2018-36"
"Albay","Other Causes","2018-37"
"Albay","Other Causes","2018-38"
"Albay","Other Causes","2018-39"
"Albay","Other Causes","2018-40"
"Albay","Other Causes","2018-41"
"Albay","Other Causes","2018-42"
"Albay","Other Causes","2018-43"
"Albay","Other Causes","2018-44"
"Albay","Other Causes","2018-45"
"Albay","Other Causes","2018-46"
"Albay","Other Causes","2018-47"
"Albay","Other Causes","2018-48"
"Albay","Other Causes","2018-49"
"Albay","Other Causes","2018-50"
"Albay","Other Causes","2018-51"
"Albay","Other Causes","2018-52"
"Albay","Other Causes","2019-01"
"Albay","Other Causes","2019-02"
"Albay","Other Causes","2019-03"
"Camarines Sur","Other Causes","2016-31"
"Camarines Sur","Other Causes","2016-32"
"Camarines Sur","Other Causes","2016-33"
"Camarines Sur","Other Causes","2016-34"
"Camarines Sur","Other Causes","2016-35"
"Camarines Sur","Other Causes","2016-36"
"Camarines Sur","Other Causes","2016-37"
"Camarines Sur","Other Causes","2016-38"
"Camarines Sur","Other Causes","2016-39"
"Camarines Sur","Other Causes","2016-40"
"Camarines Sur","Other Causes","2016-41"
"Camarines Sur","Other Causes","2016-42"
"Camarines Sur","Other Causes","2016-43"
"Masbate","Other Causes","2016-19"
"Masbate","Other Causes","2016-20"
"Masbate","Other Causes","2016-21"
"Masbate","Other Causes","2016-22"
"Masbate","Other Causes","2016-23"
"Masbate","Other Causes","2016-24"
"Masbate","Other Causes","2016-25"
"Masbate","Other Causes","2016-26"
"Masbate","Other Causes","2016-27"
"Masbate","Other Causes","2016-28"
"Masbate","Other Causes","2016-29"
"Masbate","Other Causes","2016-30"
"Masbate","Other Causes","2016-31"
"Masbate","Other Causes","2016-32"
"Negros Occidental","Other Causes","2018-21"
"Negros Occidental","Other Causes","2018-30"
"Negros Occidental","Other Causes","2019-50"
"Cebu","Other Causes","2018-48"
"Cebu","Other Causes","2018-49"
"Cebu","Other Causes","2018-50"
"Cebu","Other Causes","2018-51"
"Cebu","Other Causes","2018-52"
"Cebu","Other Causes","2019-01"
"Cebu","Other Causes","2019-02"
"Cebu","Other Causes","2019-03"
"Cebu","Other Causes","2019-04"
"Cebu","Other Causes","2019-05"
"Cebu","Other Causes","2019-06"
"Cebu","Other Causes","2019-07"
"Cebu","Other Causes","2019-08"
"Negros Oriental","Other Causes","2016-19"
"Negros Oriental","Other Causes","2016-20"
"Negros Oriental","Other Causes","2016-21"
"Negros Oriental","Other Causes","2016-22"
"Negros Oriental","Other Causes","2016-23"
"Negros Oriental","Other Causes","2016-24"
"Negros Oriental","Other Causes","2016-25"
"Negros Oriental","Other Causes","2016-26"
"Negros Oriental","Other Causes","2016-27"
"Negros Oriental","Other Causes","2016-28"
"Negros Oriental","Other Causes","2016-29"
"Negros Oriental","Other Causes","2016-30"
"Negros Oriental","Other Causes","2018-45"
"Negros Oriental","Other Causes","2018-46"
"Negros Oriental","Other Causes","2018-47"
"Negros Oriental","Other Causes","2018-48"
"Negros Oriental","Other Causes","2018-49"
"Negros Oriental","Other Causes","2018-50"
"Negros Oriental","Other Causes","2018-51"
"Negros Oriental","Other Causes","2018-52"
"Negros Oriental","Other Causes","2019-01"
"Negros Oriental","Other Causes","2019-02"
"Negros Oriental","Other Causes","2019-03"
"Negros Oriental","Other Causes","2019-04"
"Negros Oriental","Other Causes","2019-05"
"Negros Oriental","Other Causes","2019-06"
"Negros Oriental","Other Causes","2019-07"
"Negros Oriental","Other Causes","2019-08"
"Negros Oriental","Other Causes","2019-09"
"Negros Oriental","Other Causes","2019-10"
"Negros Oriental","Other Causes","2019-11"
"Negros Oriental","Other Causes","2019-12"
"Negros Oriental","Other Causes","2019-13"
"Negros Oriental","Other Causes","2019-14"
"Negros Oriental","Other Causes","2019-15"
"Negros Oriental","Other Causes","2019-16"
"Negros Oriental","Other Causes","2019-17"
"Negros Oriental","Other Causes","2019-18"
"Negros Oriental","Other Causes","2019-19"
"Negros Oriental","Other Causes","2019-20"
"Negros Oriental","Other Causes","2019-21"
"Negros Oriental","Other Causes","2019-22"
"Negros Oriental","Other Causes","2019-23"
"Negros Oriental","Other Causes","2019-24"
"Negros Oriental","Other Causes","2019-25"
"Negros Oriental","Other Causes","2019-26"
"Negros Oriental","Other Causes","2019-27"
"Negros Oriental","Other Causes","2019-28"
"Negros Oriental","Other Causes","2019-29"
"Negros Oriental","Other Causes","2019-30"
"Negros Oriental","Other Causes","2019-31"
"Negros Oriental","Other Causes","2019-32"
"Negros Oriental","Other Causes","2019-33"
"Samar","Other Causes","2016-30"
"Samar","Other Causes","2016-31"
"Samar","Other Causes","2016-32"
"Samar","Other Causes","2016-33"
"Samar","Other Causes","2016-34"
"Samar","Other Causes","2016-35"
"Zamboanga del Norte","Other Causes","2016-19"
"Zamboanga del Norte","Other Causes","2016-20"
"Zamboanga del Norte","Other Causes","2016-21"
"Zamboanga del Norte","Other Causes","2016-22"
"Zamboanga del Norte","Other Causes","2016-23"
"Zamboanga del Norte","Other Causes","2016-24"
"Zamboanga del Norte","Other Causes","2016-25"
"Zamboanga del Norte","Other Causes","2016-26"
"Zamboanga del Norte","Other Causes","2016-27"
"Zamboanga del Norte","Other Causes","2016-28"
"Zamboanga del Norte","Other Causes","2016-29"
"Zamboanga del Norte","Other Causes","2016-30"
"Zamboanga del Norte","Other Causes","2016-31"
"Zamboanga del Norte","Other Causes","2016-32"
"Zamboanga del Norte","Other Causes","2016-33"
"Zamboanga del Norte","Other Causes","2016-34"
"Zamboanga del Norte","Other Causes","2016-35"
"Zamboanga del Norte","Other Causes","2016-36"
"Zamboanga del Norte","Other Causes","2016-37"
"Zamboanga del Norte","Other Causes","2016-38"
"Zamboanga del Norte","Other Causes","2016-39"
"Zamboanga del Norte","Other Causes","2016-40"
"Zamboanga del Norte","Other Causes","2016-41"
"Zamboanga del Norte","Other Causes","2016-42"
"Zamboanga del Norte","Other Causes","2016-43"
"Zamboanga del Norte","Other Causes","2016-44"
"Zamboanga del Norte","Other Causes","2016-45"
"Zamboanga del Norte","Other Causes","2016-46"
"Zamboanga del Sur","Other Causes","2018-33"
"Zamboanga del Sur","Other Causes","2019-16"
"Misamis Occidental","Other Causes","2016-19"
"Misamis Occidental","Other Causes","2016-20"
"Misamis Occidental","Other Causes","2016-21"
"Misamis Occidental","Other Causes","2016-22"
"Misamis Occidental","Other Causes","2016-23"
"Misamis Occidental","Other Causes","2016-24"
"Misamis Occidental","Other Causes","2016-25"
"Misamis Occidental","Other Causes","2016-26"
"Misamis Occidental","Other Causes","2016-27"
"Misamis Occidental","Other Causes","2016-28"
"Misamis Occidental","Other Causes","2016-29"
"Misamis Occidental","Other Causes","2016-30"
"Misamis Occidental","Other Causes","2016-31"
"Misamis Occidental","Other Causes","2016-32"
"Misamis Occidental","Other Causes","2016-33"
"Misamis Occidental","Other Causes","2016-34"
"Misamis Occidental","Other Causes","2016-35"
"Misamis Occidental","Other Causes","2016-36"
"Misamis Occidental","Other Causes","2016-37"
"Misamis Occidental","Other Causes","2016-38"
"Misamis Occidental","Other Causes","2016-39"
"Misamis Occidental","Other Causes","2016-40"
"Misamis Occidental","Other Causes","2016-41"
"Misamis Oriental","Other Causes","2018-35"
"Misamis Oriental","Other Causes","2018-36"
"Misamis Oriental","Other Causes","2018-37"
"Misamis Oriental","Other Causes","2018-38"
"Misamis Oriental","Other Causes","2018-39"
"Misamis Oriental","Other Causes","2018-40"
"Misamis Oriental","Other Causes","2018-41"
"Misamis Oriental","Other Causes","2018-42"
"Misamis Oriental","Other Causes","2018-43"
"Misamis Oriental","Other Causes","2018-44"
"Misamis Oriental","Other Causes","2018-45"
"Davao del Norte","Other Causes","2016-24"
"Davao del Norte","Other Causes","2016-25"
"Davao del Norte","Other Causes","2016-26"
"Davao del Norte","Other Causes","2016-27"
"Davao del Norte","Other Causes","2016-28"
"Davao del Norte","Other Causes","2016-29"
"Davao del Norte","Other Causes","2016-30"
"Davao del Norte","Other Causes","2016-31"
"Davao del Norte","Other Causes","2016-32"
"Davao del Norte","Other Causes","2016-33"
"Davao del Norte","Other Causes","2016-34"
"Davao del Norte","Other Causes","2016-35"
"Davao del Norte","Other Causes","2016-36"
"Davao del Norte","Other Causes","2016-37"
"Davao del Norte","Other Causes","2016-38"
"Davao del Norte","Other Causes","2016-39"
"Davao del Norte","Other Causes","2016-40"
"Davao del Norte","Other Causes","2016-41"
"Davao del Norte","Other Causes","2016-42"
"Davao del Norte","Other Causes","2016-43"
"Davao del Norte","Other Causes","2016-44"
"Davao del Norte","Other Causes","2016-45"
"Davao del Norte","Other Causes","2016-46"
"Davao del Norte","Other Causes","2016-47"
"Davao del Norte","Other Causes","2016-48"
"Davao del Norte","Other Causes","2017-34"
"Davao del Norte","Other Causes","2017-35"
"Davao del Norte","Other Causes","2017-36"
"Davao del Sur","Other Causes","2016-19"
"Davao del Sur","Other Causes","2016-20"
"Davao del Sur","Other Causes","2016-21"
"Davao del Sur","Other Causes","2016-22"
"Davao del Sur","Other Causes","2016-23"
"Davao del Sur","Other Causes","2016-24"
"Davao del Sur","Other Causes","2016-25"
"Davao del Sur","Other Causes","2016-26"
"Davao del Sur","Other Causes","2016-27"
"Davao del Sur","Other Causes","2016-28"
"Davao del Sur","Other Causes","2016-29"
"Davao del Sur","Other Causes","2016-30"
"Davao del Sur","Other Causes","2016-31"
"Davao del Sur","Other Causes","2016-32"
"Davao del Sur","Other Causes","2016-33"
"Davao del Sur","Other Causes","2016-34"
"Compostela Valley","Other Causes","2016-19"
"Compostela Valley","Other Causes","2016-20"
"Compostela Valley","Other Causes","2016-21"
"Compostela Valley","Other Causes","2016-22"
"Compostela Valley","Other Causes","2016-23"
"Compostela Valley","Other Causes","2016-24"
"Compostela Valley","Other Causes","2016-25"
"Compostela Valley","Other Causes","2016-26"
"Compostela Valley","Other Causes","2016-27"
"Compostela Valley","Other Causes","2016-28"
"Compostela Valley","Other Causes","2016-29"
"Compostela Valley","Other Causes","2016-30"
"Compostela Valley","Other Causes","2016-31"
"Compostela Valley","Other Causes","2016-32"
"Compostela Valley","Other Causes","2016-33"
"Compostela Valley","Other Causes","2016-34"
"Compostela Valley","Other Causes","2016-35"
"Cotabato","Other Causes","2016-19"
"Cotabato","Other Causes","2016-20"
"Cotabato","Other Causes","2016-21"
"Cotabato","Other Causes","2016-22"
"Cotabato","Other Causes","2016-23"
"Cotabato","Other Causes","2016-24"
"Cotabato","Other Causes","2016-25"
"Cotabato","Other Causes","2016-26"
"Cotabato","Other Causes","2016-27"
"Cotabato","Other Causes","2016-28"
"Cotabato","Other Causes","2016-29"
"Cotabato","Other Causes","2016-30"
"Cotabato","Other Causes","2016-31"
"Cotabato","Other Causes","2016-32"
"Cotabato","Other Causes","2016-33"
"Cotabato","Other Causes","2016-34"
"Cotabato","Other Causes","2016-35"
"Cotabato","Other Causes","2016-36"
"Cotabato","Other Causes","2016-37"
"Cotabato","Other Causes","2016-38"
"Cotabato","Other Causes","2016-39"
"Cotabato","Other Causes","2016-40"
"Cotabato","Other Causes","2016-41"
"Cotabato","Other Causes","2016-42"
"Cotabato","Other Causes","2016-43"
"Cotabato","Other Causes","2016-44"
"Cotabato","Other Causes","2016-45"
"Cotabato","Other Causes","2016-46"
"Cotabato","Other Causes","2017-31"
"Cotabato","Other Causes","2017-32"
"Cotabato","Other Causes","2017-33"
"Cotabato","Other Causes","2017-34"
"Cotabato","Other Causes","2017-35"
"Cotabato","Other Causes","2017-36"
"Cotabato","Other Causes","2017-37"
"Cotabato","Other Causes","2017-38"
"Cotabato","Other Causes","2017-39"
"South Cotabato","Other Causes","2016-35"
"South Cotabato","Other Causes","2016-36"
"South Cotabato","Other Causes","2016-37"
"South Cotabato","Other Causes","2016-38"
"South Cotabato","Other Causes","2016-39"
"South Cotabato","Other Causes","2016-40"
"South Cotabato","Other Causes","2016-41"
"South Cotabato","Other Causes","2016-42"
"South Cotabato","Other Causes","2016-43"
"South Cotabato","Other Causes","2016-44"
"South Cotabato","Other Causes","2016-45"
"South Cotabato","Other Causes","2016-46"
"Sultan Kudarat","Other Causes","2016-19"
"Sultan Kudarat","Other Causes","2016-20"
"Sultan Kudarat","Other Causes","2016-21"
"Sultan Kudarat","Other Causes","2016-22"
"Sultan Kudarat","Other Causes","2016-23"
"Sultan Kudarat","Other Causes","2016-24"
"Sultan Kudarat","Other Causes","2016-25"
"Sultan Kudarat","Other Causes","2016-26"
"Sultan Kudarat","Other Causes","2016-27"
"Sultan Kudarat","Other Causes","2016-28"
"Sultan Kudarat","Other Causes","2016-29"
"Sultan Kudarat","Other Causes","2016-30"
"Sultan Kudarat","Other Causes","2016-31"
"Sultan Kudarat","Other Causes","2016-32"
"Sultan Kudarat","Other Causes","2016-33"
"Sultan Kudarat","Other Causes","2016-34"
"Sultan Kudarat","Other Causes","2016-35"
"Sultan Kudarat","Other Causes","2016-36"
"Sultan Kudarat","Other Causes","2016-37"
"Sultan Kudarat","Other Causes","2016-38"
"Sultan Kudarat","Other Causes","2016-39"
"Sultan Kudarat","Other Causes","2016-40"
"Sultan Kudarat","Other Causes","2016-41"
"Sultan Kudarat","Other Causes","2016-42"
"Sultan Kudarat","Other Causes","2016-43"
"Sultan Kudarat","Other Causes","2016-44"
"Sultan Kudarat","Other Causes","2016-45"
"Sultan Kudarat","Other Causes","2016-46"
"Sultan Kudarat","Other Causes","2016-47"
"Sultan Kudarat","Other Causes","2016-48"
"Sultan Kudarat","Other Causes","2016-49"
"Sultan Kudarat","Other Causes","2016-50"
"Sultan Kudarat","Other Causes","2016-51"
"Sultan Kudarat","Other Causes","2016-52"
"Sultan Kudarat","Other Causes","2017-01"
"Sultan Kudarat","Other Causes","2017-02"
"Sultan Kudarat","Other Causes","2018-28"
"Sultan Kudarat","Other Causes","2018-29"
"Sultan Kudarat","Other Causes","2018-30"
"Sultan Kudarat","Other Causes","2018-31"
"Sultan Kudarat","Other Causes","2018-32"
"Sultan Kudarat","Other Causes","2018-33"
"Sultan Kudarat","Other Causes","2018-34"
"Sultan Kudarat","Other Causes","2018-35"
"Sultan Kudarat","Other Causes","2018-36"
"Sultan Kudarat","Other Causes","2018-37"
"Sultan Kudarat","Other Causes","2018-38"
"Sultan Kudarat","Other Causes","2018-39"
"Sultan Kudarat","Other Causes","2018-40"
"Sultan Kudarat","Other Causes","2018-41"
"Sultan Kudarat","Other Causes","2018-42"
"Sultan Kudarat","Other Causes","2018-43"
"Sultan Kudarat","Other Causes","2018-44"
"Sultan Kudarat","Other Causes","2018-45"
"Sultan Kudarat","Other Causes","2018-46"
"Sultan Kudarat","Other Causes","2018-47"
"Sultan Kudarat","Other Causes","2018-48"
"Sultan Kudarat","Other Causes","2018-49"
"Sultan Kudarat","Other Causes","2018-50"
"Sultan Kudarat","Other Causes","2018-51"
"Sultan Kudarat","Other Causes","2018-52"
"Sultan Kudarat","Other Causes","2019-01"
"Sultan Kudarat","Other Causes","2019-02"
"Sultan Kudarat","Other Causes","2019-03"
"Sultan Kudarat","Other Causes","2019-04"
"Sultan Kudarat","Other Causes","2019-05"
"Sultan Kudarat","Other Causes","2019-06"
"Sultan Kudarat","Other Causes","2019-07"
"Sultan Kudarat","Other Causes","2019-08"
"Sultan Kudarat","Other Causes","2019-09"
"Sultan Kudarat","Other Causes","2019-10"
"Sultan Kudarat","Other Causes","2019-11"
"Sultan Kudarat","Other Causes","2019-12"
"Sultan Kudarat","Other Causes","2019-13"
"Sultan Kudarat","Other Causes","2019-14"
"Sultan Kudarat","Other Causes","2019-15"
"Sultan Kudarat","Other Causes","2019-16"
"Sultan Kudarat","Other Causes","2019-17"
"Sultan Kudarat","Other Causes","2019-18"
"Sultan Kudarat","Other Causes","2019-19"
"Sultan Kudarat","Other Causes","2019-20"
"Sultan Kudarat","Other Causes","2019-21"
"National Capital Region","Other Causes","2016-19"
"National Capital Region","Other Causes","2016-20"
"National Capital Region","Other Causes","2016-21"
"National Capital Region","Other Causes","2016-22"
"National Capital Region","Other Causes","2016-23"
"National Capital Region","Other Causes","2016-24"
"National Capital Region","Other Causes","2016-25"
"National Capital Region","Other Causes","2016-26"
"National Capital Region","Other Causes","2016-27"
"National Capital Region","Other Causes","2016-28"
"National Capital Region","Other Causes","2016-29"
"National Capital Region","Other Causes","2016-30"
"National Capital Region","Other Causes","2016-31"
"National Capital Region","Other Causes","2016-32"
"National Capital Region","Other Causes","2016-33"
"National Capital Region","Other Causes","2016-34"
"National Capital Region","Other Causes","2016-35"
"National Capital Region","Other Causes","2016-36"
"National Capital Region","Other Causes","2016-37"
"National Capital Region","Other Causes","2016-38"
"National Capital Region","Other Causes","2016-39"
"National Capital Region","Other Causes","2016-40"
"National Capital Region","Other Causes","2016-41"
"National Capital Region","Other Causes","2016-42"
"National Capital Region","Other Causes","2016-43"
"National Capital Region","Other Causes","2016-44"
"Benguet","Other Causes","2018-35"
"Agusan del Norte","Other Causes","2016-19"
"Agusan del Norte","Other Causes","2016-20"
"Agusan del Norte","Other Causes","2016-21"
"Agusan del Norte","Other Causes","2016-22"
"Agusan del Norte","Other Causes","2016-23"
"Agusan del Norte","Other Causes","2016-24"
"Agusan del Norte","Other Causes","2016-25"
"Agusan del Norte","Other Causes","2016-26"
"Agusan del Norte","Other Causes","2016-27"
"Agusan del Norte","Other Causes","2016-28"
"Agusan del Norte","Other Causes","2016-29"
"Agusan del Norte","Other Causes","2016-30"
"Agusan del Norte","Other Causes","2016-31"
"Agusan del Norte","Other Causes","2016-32"
"Agusan del Norte","Other Causes","2016-33"
"Agusan del Norte","Other Causes","2016-34"
"Agusan del Norte","Other Causes","2016-35"
"Agusan del Norte","Other Causes","2016-36"
"Agusan del Norte","Other Causes","2016-37"
"Agusan del Norte","Other Causes","2016-38"
"Agusan del Norte","Other Causes","2016-39"
"Agusan del Norte","Other Causes","2016-40"
"Agusan del Norte","Other Causes","2016-41"
"Agusan del Norte","Other Causes","2016-42"
"Agusan del Norte","Other Causes","2016-43"
"Agusan del Norte","Other Causes","2016-44"
"Agusan del Sur","Other Causes","2016-29"
"Agusan del Sur","Other Causes","2016-30"
"Agusan del Sur","Other Causes","2016-31"
"Agusan del Sur","Other Causes","2016-32"
"Agusan del Sur","Other Causes","2016-33"
"Agusan del Sur","Other Causes","2016-34"
"Agusan del Sur","Other Causes","2016-35"
"Agusan del Sur","Other Causes","2016-36"
"Agusan del Sur","Other Causes","2016-37"
"Agusan del Sur","Other Causes","2016-38"
"Agusan del Sur","Other Causes","2016-39"
"Agusan del Sur","Other Causes","2016-40"
"Agusan del Sur","Other Causes","2016-41"
"Agusan del Sur","Other Causes","2016-42"
"Agusan del Sur","Other Causes","2016-43"
"Agusan del Sur","Other Causes","2016-44"
"Agusan del Sur","Other Causes","2016-45"
"Agusan del Sur","Other Causes","2016-46"
"Agusan del Sur","Other Causes","2016-47"
"Agusan del Sur","Other Causes","2016-48"
"Agusan del Sur","Other Causes","2016-49"
"Surigao del Norte","Other Causes","2016-37"
"Surigao del Norte","Other Causes","2016-38"
"Surigao del Norte","Other Causes","2016-39"
"Surigao del Norte","Other Causes","2016-40"
"Surigao del Norte","Other Causes","2016-41"
"Surigao del Norte","Other Causes","2016-42"
"Surigao del Norte","Other Causes","2016-43"
"Surigao del Norte","Other Causes","2016-44"
"Surigao del Norte","Other Causes","2016-45"
"Surigao del Norte","Other Causes","2016-46"
"Surigao del Sur","Other Causes","2016-33"
"Oriental Mindoro","Other Causes","2016-19"
"Oriental Mindoro","Other Causes","2016-20"
"Oriental Mindoro","Other Causes","2016-21"
"Oriental Mindoro","Other Causes","2016-22"
"Oriental Mindoro","Other Causes","2016-23"
"Oriental Mindoro","Other Causes","2016-24"
"Oriental Mindoro","Other Causes","2016-25"
"Oriental Mindoro","Other Causes","2016-26"
"Oriental Mindoro","Other Causes","2016-27"
"Oriental Mindoro","Other Causes","2016-28"
"Oriental Mindoro","Other Causes","2016-29"
"Oriental Mindoro","Other Causes","2016-30"
"Oriental Mindoro","Other Causes","2016-31"
"Oriental Mindoro","Other Causes","2016-32"
